start_transition_sequence,end_transition_sequence,requested_horizon_s,actual_horizon_s,step_count,action_change_count,collision_step_count,planar_position_error_cm,planar_velocity_error_cm_s,yaw_error_deg,angular_velocity_yaw_error_deg_s
0,19,0.5,0.5209999999999999,20,0,0,2.13970372442418e-06,2.388515554230253e-07,0.0,0.0
0,38,1.0,1.0239999999999998,39,1,0,2.5561932943674037e-06,5.493785735666279e-06,0.0,0.0
0,57,1.5,1.519,58,2,0,1.3475938658302766e-06,1.8704785276213443e-06,89.38995477850463,442.73072087898834
1,20,0.5,0.5210000000000001,20,0,0,2.1151618057047017e-06,2.0500047526184062e-07,0.0,0.0
1,39,1.0,1.0250000000000001,39,1,0,2.4251932018160005e-06,2.117112909871821e-06,0.0,0.0
1,58,1.5,1.522,58,2,0,1.0635050102791865e-06,3.026174596243436e-06,78.60149258322711,385.30221680405003
2,21,0.5,0.5229999999999999,20,0,0,2.124933871527901e-06,2.0495443209256337e-07,0.0,0.0
2,39,1.0,1.0,38,1,0,2.3141362817113986e-06,2.1171141462161813e-06,0.0,0.0
2,59,1.5,1.5230000000000001,58,2,0,8.53473466122523e-07,1.068551569005649e-06,69.78447245803419,339.1161565991572
3,22,0.5,0.52,20,0,0,1.8651973050509696e-06,7.594275075462065e-08,0.0,0.0
3,41,1.0,1.0220000000000002,39,1,0,1.954830395334284e-06,6.619080146208489e-07,0.0,0.0
3,60,1.5,1.5190000000000001,58,2,0,4.221028575557284e-07,1.168489063729794e-06,62.27786619242677,300.2642496659824
4,23,0.5,0.5190000000000001,20,0,0,2.054418700936367e-06,6.058311896595114e-08,0.0,0.0
4,42,1.0,1.0200000000000002,39,1,0,2.0678153305198066e-06,6.26356753130608e-07,0.0,0.0
4,61,1.5,1.5210000000000001,58,2,0,3.8939242585911416e-07,1.282646991285219e-06,54.93287282021035,262.32118883092494
5,24,0.5,0.5170000000000001,20,0,0,1.7974122101804824e-06,4.4799634224546026e-08,0.0,0.0
5,43,1.0,1.0190000000000001,39,1,0,1.7498234683444025e-06,5.269150271658418e-08,0.0,0.0
5,62,1.5,1.5210000000000004,58,2,0,6.491995918622706e-08,1.2232442259119125e-06,48.70703037449946,230.5867552358697
6,25,0.5,0.5170000000000001,20,0,0,2.046530312327377e-06,1.5812162246220396e-08,0.0,0.0
6,44,1.0,1.019,39,1,0,1.917211534419039e-06,1.9798310146867948e-07,0.0,0.0
6,63,1.5,1.5210000000000001,58,2,0,1.027387952490244e-09,5.984343260934111e-07,43.40568683796541,203.89782709379273
7,26,0.5,0.5169999999999999,20,0,0,1.8248239257445675e-06,1.637741320337227e-08,0.0,0.0
7,45,1.0,1.018,39,1,0,1.5879718375799712e-06,2.773730289895582e-07,0.0,0.0
7,64,1.5,1.5210000000000001,58,2,0,4.5498688905354356e-07,5.433139449451119e-07,38.55518524625855,179.64820553393906
8,27,0.5,0.518,20,0,0,2.1160520873308997e-06,1.5158605037868256e-08,0.0,0.0
8,46,1.0,1.016,39,2,0,1.7643794762989273e-06,4.09584525185025e-08,16.26558375338147,677.7326561042671
8,65,1.5,1.5219999999999998,58,2,0,3.9585825106769335e-07,4.461155640456127e-07,34.27659232137288,158.466403244439
9,28,0.5,0.5150000000000001,20,0,0,1.8051570123134297e-06,9.494982577962219e-09,0.0,0.0
9,47,1.0,1.015,39,2,0,1.4562789374394924e-06,1.5125503707302812e-06,44.23653847291736,1075.8059439075882
9,66,1.5,1.5210000000000001,58,2,0,8.275404752566828e-07,2.3319503839047684e-07,30.621421889376954,140.58347730445843
10,29,0.5,0.516,20,0,0,1.7422868268113234e-06,3.7509266803681385e-09,0.0,0.0
10,48,1.0,1.015,39,2,0,1.3088817922835005e-06,3.0240719617324885e-07,75.31537885284193,1243.1536108885252
10,67,1.5,1.5210000000000001,58,2,0,1.0389617273176555e-06,1.7006223629323358e-07,27.486174783042138,125.4098838579057
11,30,0.5,0.5189999999999999,20,0,0,1.732894247652439e-06,3.0047146992728813e-09,0.0,0.0
11,49,1.0,1.0150000000000001,39,2,0,1.1287806955806445e-06,8.677191409844909e-07,107.325138941199,1280.3903989541539
11,68,1.5,1.521,58,2,0,1.249848423867661e-06,1.2193760312584345e-07,24.686983339575452,111.96765738593696
12,31,0.5,0.5190000000000001,20,1,0,1.4538012464981875e-06,1.5817938390227937e-06,0.0,0.0
12,50,1.0,1.0130000000000001,39,2,0,7.214246124931378e-07,1.9048518993258767e-06,136.84605214151915,1180.8365239972854
12,69,1.5,1.5210000000000001,58,2,0,1.7072896980607766e-06,9.257982469534909e-08,22.00984502975119,99.1532698316475
13,32,0.5,0.518,20,1,0,1.6012321566449828e-06,2.55912050306506e-06,0.0,0.0
13,51,1.0,1.012,39,2,0,7.920299367469852e-07,2.7819890959790428e-06,162.88667334526914,1041.6248446455734
13,70,1.5,1.5190000000000001,58,2,0,1.586451958246471e-06,6.299222832240048e-08,19.872054741958845,89.0745953229661
14,33,0.5,0.522,20,1,0,1.4443198779190425e-06,6.481275249825558e-06,0.0,0.0
14,52,1.0,1.0119999999999998,39,2,0,5.726211611545295e-07,3.5058407306109984e-06,174.2955806002485,912.7098391382128
14,71,1.5,1.5210000000000001,58,2,0,1.8069345060212072e-06,4.5622783773069386e-08,17.738584953287567,79.01739889321745
15,34,0.5,0.5229999999999999,20,1,0,1.3934429716755403e-06,7.968630910681895e-07,0.0,0.0
15,53,1.0,1.0119999999999998,39,2,0,3.512806188155082e-07,4.0976817317073255e-06,154.27846321728373,800.6846926728984
15,72,1.5,1.522,58,2,0,1.9851752313115867e-06,2.511893626433448e-08,15.906379250591511,70.46944964930043
16,35,0.5,0.5249999999999999,20,1,0,1.319870762017672e-06,5.5001987959713006e-06,0.0,0.0
16,54,1.0,1.0150000000000001,39,2,0,7.866856321925297e-08,6.519665589621582e-06,134.30448633420406,688.7578141888459
16,73,1.5,1.521,58,2,0,2.050753778348735e-06,1.7168275689982693e-08,14.327114727194706,63.17058073776494
17,35,0.5,0.5,19,1,0,1.242842245119391e-06,5.50024849133024e-06,0.0,0.0
17,55,1.0,1.016,39,2,0,1.0437986475153593e-07,2.3273988887240193e-06,118.63538199586264,602.6578554690058
17,74,1.5,1.521,58,2,0,2.183946662626113e-06,1.165199137176387e-08,12.910481768838286,56.66531813137102
18,36,0.5,0.502,19,1,0,9.912732821248937e-07,9.54762167282297e-06,0.0,0.0
18,56,1.0,1.0200000000000002,39,2,0,3.85379735234892e-07,3.61640580592848e-06,103.11460737285329,517.3591458226142
18,75,1.5,1.5210000000000001,58,2,0,2.3182234372143284e-06,6.379792694133357e-09,11.593747625065886,50.64362058774863
19,37,0.5,0.5029999999999999,19,1,0,5.978565695841098e-07,1.1085530033483337e-05,0.0,0.0
19,57,1.0,1.0239999999999998,39,2,0,7.314732783925137e-07,1.8704785276213443e-06,89.38995477850463,442.73072087898834
19,76,1.5,1.519,58,2,0,2.5072896505662357e-06,0.0,10.456552852242568,45.48779075006262
20,38,0.5,0.5029999999999999,19,1,0,4.030260924992035e-07,5.493834159153721e-06,0.0,0.0
20,58,1.0,1.026,39,2,0,9.984202051782631e-07,3.026174596243436e-06,78.60149258322711,385.30221680405003
20,77,1.5,1.518,58,3,0,2.6221258622172172e-06,5.72283227029402e-07,9.283359868233116,46.927719210555054
21,39,0.5,0.504,19,1,0,2.9916475341451587e-07,2.1171480355519634e-06,0.0,0.0
21,58,1.0,1.001,38,2,0,1.0625250297380262e-06,3.026174596243436e-06,78.60149258322711,385.30221680405003
21,78,1.5,1.5190000000000001,58,3,0,2.8245807470739237e-06,2.417885070826742e-06,8.103296870875575,45.387038082484466
22,40,0.5,0.5029999999999999,19,1,0,1.820843635869096e-07,2.7998744300816725e-07,0.0,0.0
22,59,1.0,1.0000000000000002,38,2,0,1.2816643675250816e-06,1.068551569005649e-06,69.78447245803419,339.1161565991572
22,79,1.5,1.5160000000000002,58,3,0,2.9965082148919464e-06,1.0261665863708913e-06,7.084959913837742,42.43070653763561
23,41,0.5,0.5020000000000002,19,1,0,8.56489350553602e-08,6.619209873548471e-07,0.0,0.0
23,61,1.0,1.0270000000000001,39,2,0,1.6059440213211928e-06,1.282646991285219e-06,54.93287282021035,262.32118883092494
23,80,1.5,1.517,58,3,0,3.051658268304891e-06,4.048000462830714e-06,6.052224584964839,38.249456287643724
24,42,0.5,0.5010000000000001,19,1,0,1.034698016155744e-08,6.263661909144957e-07,0.0,0.0
24,61,1.0,1.002,38,2,0,1.6680764929333236e-06,1.282646991285219e-06,54.93287282021035,262.32118883092494
24,81,1.5,1.515,58,3,0,3.19071011745109e-06,4.730846441702852e-06,5.259679178293811,34.45849465680463
25,43,0.5,0.502,19,1,0,4.9780396693677176e-08,5.269785408046346e-08,0.0,0.0
25,62,1.0,1.0040000000000002,38,2,0,1.8645242789716576e-06,1.2232442259119125e-06,48.70703037449946,230.5867552358697
25,82,1.5,1.518,58,3,0,3.081621684941638e-06,8.420588429203235e-06,4.422949558222981,29.883200371009448
26,44,0.5,0.5019999999999998,19,1,0,1.3014891919738147e-07,1.9798034411877552e-07,0.0,0.0
26,63,1.0,1.004,38,2,0,2.046333406724443e-06,5.984343260934111e-07,43.40568683796541,203.89782709379273
26,83,1.5,1.5190000000000001,58,3,0,2.930594405370357e-06,1.0251568646424403e-05,3.7271593884653256,25.77000605944248
27,45,0.5,0.5010000000000001,19,1,0,2.3764732759445906e-07,2.773707215020238e-07,0.0,0.0
27,64,1.0,1.0040000000000002,38,2,0,2.2806062816016492e-06,5.433139449451119e-07,38.55518524625855,179.64820553393906
27,84,1.5,1.5210000000000001,58,3,0,2.791845645333524e-06,1.0100153033931747e-05,3.0955340780319935,21.78018281633664
28,47,0.5,0.5239999999999998,20,2,0,3.1487081741943257e-07,1.5125492729417545e-06,44.23653847291736,1075.8059439075882
28,65,1.0,1.0039999999999998,38,2,0,2.512616447347682e-06,4.461155640456127e-07,34.27659232137288,158.466403244439
28,85,1.5,1.5210000000000001,58,3,0,2.6883795953835943e-06,8.775235436075945e-06,2.595541100709178,18.518258250740125
29,47,0.5,0.4999999999999998,19,2,0,3.493152007649769e-07,1.5125492089929082e-06,44.23653847291736,1075.8059439075882
29,66,1.0,1.006,38,2,0,2.63313472714799e-06,2.3319503839047684e-07,30.621421889376954,140.58347730445843
29,86,1.5,1.5250000000000001,58,3,0,2.545459665270755e-06,6.8430181556777825e-06,2.159567499119979,15.570485594647
30,49,0.5,0.5240000000000002,20,2,0,4.6159425437508617e-07,8.677194536232946e-07,107.325138941199,1280.3903989541539
30,67,1.0,1.0050000000000001,38,2,0,2.781427838272066e-06,1.70062264714943e-07,27.486174783042138,125.4098838579057
30,87,1.5,1.5280000000000002,58,3,0,2.4928174298111117e-06,5.232675283295407e-06,1.7837496163016588,12.95923716185713
31,50,0.5,0.5210000000000001,20,1,0,6.615663323827903e-07,1.9048520911724154e-06,136.84605214151915,1180.8365239972854
31,68,1.0,1.002,38,1,0,2.9828820515831467e-06,1.2193760312584345e-07,24.686983339575452,111.96765738593696
31,87,1.5,1.5000000000000002,57,2,0,2.635475993884029e-06,5.232675283295407e-06,1.7837496163016588,12.95923716185713
32,51,0.5,0.5189999999999999,20,1,0,5.809913545817835e-07,2.7788000593886863e-06,162.88667334526914,1041.6248446455734
32,69,1.0,1.002,38,1,0,2.9265606826811563e-06,9.257939836970763e-08,22.00984502975119,99.1532698316475
32,89,1.5,1.527,58,2,0,2.339609409318655e-06,2.1861221481955795e-06,1.2425650410891678,9.141306427492777
33,52,0.5,0.5189999999999999,20,1,0,5.804423608424258e-07,3.5025450202397224e-06,174.2955806002485,912.7098391382128
33,70,1.0,1.0010000000000001,38,1,0,2.8536339868878713e-06,6.299177357504959e-08,19.872054741958845,89.0745953229661
33,89,1.5,1.502,57,2,0,2.233908389825956e-06,2.1861221481955795e-06,1.2425650410891678,9.141306427492777
34,53,0.5,0.5149999999999997,20,1,0,3.2668640415067784e-07,4.092948870493274e-06,154.27846321728373,800.6846926728984
34,72,1.0,1.025,39,1,0,2.6629439844327862e-06,2.5118595203821314e-08,15.906379250591511,70.46944964930043
34,90,1.5,1.5030000000000001,57,2,0,1.8160803847422358e-06,1.4310109994752906e-06,1.017484655285318,7.502679408328206
35,54,0.5,0.5180000000000002,20,1,0,1.0130969485544483e-06,6.517202820077728e-06,134.30448633420406,688.7578141888459
35,73,1.0,1.024,39,1,0,3.142415266665921e-06,1.716804831630725e-08,14.327114727194706,63.17058073776494
35,91,1.5,1.5030000000000001,57,2,0,2.2189815354067832e-06,8.142461647153709e-07,0.8531461359373855,6.320712243456635
36,55,0.5,0.516,20,1,0,7.721554311501677e-07,2.3244793538879094e-06,118.63538199586264,602.6578554690058
36,74,1.0,1.021,39,1,0,2.851602062037273e-06,1.1651792419797857e-08,12.910481768838286,56.66531813137102
36,92,1.5,1.5030000000000001,57,3,0,1.8570327664417563e-06,8.905879739308615e-07,0.7063908075976735,5.241260388566289
37,56,0.5,0.5180000000000002,20,1,0,6.35278524896421e-07,3.61356062228424e-06,103.11460737285329,517.3591458226142
37,75,1.0,1.0190000000000001,39,1,0,2.568005243119842e-06,6.379565320457914e-09,11.593747625065886,50.64362058774863
37,93,1.5,1.505,57,3,0,1.4840651220089748e-06,1.3791430324870775e-06,0.5777075501040115,4.289438715408565
38,57,0.5,0.5209999999999999,20,1,0,6.085164159230771e-07,1.8682594173924372e-06,89.38995477850463,442.73072087898834
38,76,1.0,1.016,39,1,0,2.3842403606977314e-06,0.0,10.456552852242568,45.48779075006262
38,94,1.5,1.501,57,3,0,1.2419713243389683e-06,1.6786655481739984e-06,0.4900063350166725,3.6542171494514832
39,58,0.5,0.5230000000000001,20,1,0,1.0489400210644817e-06,3.0251456166752178e-06,78.60149258322711,385.30221680405003
39,77,1.0,1.0150000000000001,39,2,0,2.672602704478777e-06,5.722831986076926e-07,9.283359868233116,46.927719210555054
39,95,1.5,1.5010000000000003,57,3,0,1.4846307816488542e-06,8.031077323208772e-07,0.4101754962935793,3.070415009746739
40,59,0.5,0.5230000000000001,20,1,0,1.3154036651030765e-06,1.0680983564270718e-06,69.78447245803419,339.1161565991572
40,78,1.0,1.0150000000000001,39,2,0,2.9784658863718505e-06,2.4178851276701607e-06,8.103296870875575,45.387038082484466
40,96,1.5,1.5,57,3,0,1.6516376484760636e-06,7.78818647307057e-07,0.3452652325452209,2.596409455923009
41,60,0.5,0.5220000000000002,20,1,0,1.507790670984832e-06,1.1683193008593662e-06,62.27786619242677,300.2642496659824
41,79,1.0,1.0130000000000003,39,2,0,3.1419808692589868e-06,1.0261666432143102e-06,7.084959913837742,42.43070653763561
41,97,1.5,1.5,57,3,0,1.7602526143608534e-06,1.6736915795059402e-06,0.2885865754462973,2.1799462214202663
42,61,0.5,0.5249999999999999,20,1,0,1.6449164377263514e-06,1.2825030637486634e-06,54.93287282021035,262.32118883092494
42,80,1.0,1.0149999999999997,39,2,0,3.090624772994488e-06,4.048000405987295e-06,6.052224584964839,38.249456287643724
42,98,1.5,1.5,57,3,0,1.7397803977754443e-06,4.1004728946841743e-07,0.24253765255090937,1.8419556650871698
43,61,0.5,0.5009999999999999,19,1,0,1.6392787074437365e-06,1.282480582176504e-06,54.93287282021035,262.32118883092494
43,81,1.0,1.0139999999999998,39,2,0,3.1619053970644018e-06,4.730846399070288e-06,5.259679178293811,34.45849465680463
43,99,1.5,1.501,57,3,0,1.7412662230871753e-06,2.0930557525446116e-06,0.2036464201884246,1.555648029742656
44,62,0.5,0.5020000000000002,19,1,0,1.8064071127810166e-06,1.2231853645516821e-06,48.70703037449946,230.5867552358697
44,82,1.0,1.016,39,2,0,3.023502017640567e-06,8.420588400781526e-06,4.422949558222981,29.883200371009448
44,100,1.5,1.5020000000000002,57,3,0,1.8063145321954475e-06,5.125017486850154e-06,0.16866921635414708,1.295449083129057
45,63,0.5,0.5020000000000002,19,1,0,1.9216490727558266e-06,5.984238100609218e-07,43.40568683796541,203.89782709379273
45,83,1.0,1.0170000000000003,39,2,0,2.8059096166543895e-06,1.0251568646424403e-05,3.7271593884653256,25.77000605944248
45,101,1.5,1.5020000000000002,57,3,0,1.8479761831601765e-06,1.5500677028373591e-06,0.14044355180317183,1.0856003512625136
46,64,0.5,0.5030000000000001,19,0,0,2.053351067843323e-06,5.433230967355485e-07,38.55518524625855,179.64820553393906
46,84,1.0,1.02,39,1,0,2.564590658948873e-06,1.0100153033931747e-05,3.0955340780319935,21.78018281633664
46,102,1.5,1.501,57,2,0,1.8916176400505908e-06,2.7432044966104423e-06,0.11755663180667676,0.9154755823350342
47,65,0.5,0.5059999999999998,19,0,0,2.1236838847471518e-06,4.4148583810965647e-07,2.2038577212830607e-05,2.8851120248418738e-05
47,85,1.0,1.0230000000000001,39,1,0,2.2992352342043887e-06,8.775234160651735e-06,3.90434391777125e-06,2.3792529390220807e-05
47,103,1.5,1.5030000000000001,57,2,0,1.8704822225158712e-06,2.6092527246502977e-07,4.9766979530628674e-06,2.9669441204305258e-05
48,66,0.5,0.5060000000000002,19,0,0,2.273942072861246e-06,2.2298550561572483e-07,2.082945642557019e-05,2.6859269524948104e-05
48,86,1.0,1.0250000000000004,39,1,0,2.1858085119674797e-06,6.843015370350258e-06,3.2869892467683235e-06,2.010987043643553e-05
48,104,1.5,1.504,57,2,0,1.9792731627012743e-06,1.7379644496151732e-06,5.451169538222352e-06,2.0126994826341615e-05
49,67,0.5,0.5060000000000002,19,0,0,2.213642460446863e-06,1.5968865341164928e-07,1.9419400457753758e-05,2.6449585142529486e-05
49,86,1.0,1.0000000000000004,38,1,0,2.0655901380450814e-06,6.8430138746577995e-06,3.2176493634912384e-06,1.9613673257090625e-05
49,105,1.5,1.5020000000000002,57,2,0,2.0037407010005926e-06,1.6413168207267033e-06,5.786236648360167e-06,2.4640695102107202e-05
50,68,0.5,0.5059999999999998,19,0,0,2.1431156937978812e-06,1.1267763966316124e-07,1.772486817311818e-05,2.4847284038287398e-05
50,87,1.0,1.004,38,1,0,1.795322646103159e-06,5.2326716453166e-06,2.63197360233775e-06,1.6213752662253e-05
50,106,1.5,1.5059999999999998,57,2,0,2.008610146834825e-06,1.8627502769575377e-06,6.488526225576517e-06,2.786042979607828e-05
51,69,0.5,0.508,19,0,0,2.1151378177819424e-06,8.511605642524955e-08,1.3954126024629989e-05,1.9633006857588953e-05
51,88,1.0,1.005,38,1,0,1.5853686363698216e-06,3.0133384019137566e-06,2.0083253515088932e-06,1.230311011113372e-05
51,107,1.5,1.505,57,2,0,1.946591995039012e-06,1.4031140585390352e-06,7.014867187036619e-06,2.2627655852147655e-05
52,70,0.5,0.5070000000000001,19,0,0,2.008630076488771e-06,5.688829673999862e-08,1.0903788442490828e-05,1.3163689985162819e-05
52,89,1.0,1.008,38,1,0,1.3886800616091932e-06,2.1861198007400162e-06,1.515383929092026e-06,9.027711574738362e-06
52,108,1.5,1.508,57,2,0,1.957386459747089e-06,1.1660135052284157e-06,7.378735746481333e-06,1.5892646032966695e-05
53,71,0.5,0.5090000000000003,19,0,0,1.973090661522292e-06,4.0986662952491315e-08,1.0681129488238357e-05,1.6747622396451334e-05
53,90,1.0,1.0130000000000003,38,1,0,1.2071670880686725e-06,1.4310092888436543e-06,1.3014001285665282e-06,7.657397046667569e-06
53,109,1.5,1.512,57,2,0,2.0029739116870988e-06,9.384623787294946e-07,7.814762567761908e-06,1.790910616250585e-05
54,72,0.5,0.5100000000000002,19,0,0,1.910894638967875e-06,2.156417622245499e-08,9.3275631485639e-06,1.2880620275268484e-05
54,91,1.0,1.0140000000000002,38,1,0,1.0436658612889005e-06,8.142448377768119e-07,1.0651881438165305e-06,6.322264993308124e-06
54,110,1.5,1.5160000000000005,57,2,0,2.0653919062423398e-06,7.085685580450938e-07,8.265738657600736e-06,1.830704138683359e-05
55,73,0.5,0.5059999999999998,19,0,0,1.5619475561834406e-06,1.3551868960348656e-08,7.3912859099211385e-06,8.387375000751263e-06
55,92,1.0,1.013,38,2,0,6.237096571979601e-07,8.905871457788215e-07,5.408117982609499e-07,1.3424024068342533e-05
55,111,1.5,1.512,57,2,0,1.9629564280007746e-06,4.969956102105396e-07,8.5985866311262e-06,1.4250841800844682e-05
56,74,0.5,0.5049999999999999,19,0,0,1.8032338857665309e-06,9.774623777047964e-09,6.059448127497379e-06,5.557979520176559e-06
56,93,1.0,1.017,38,2,0,8.012508358431009e-07,1.379142869004753e-06,1.603209984955338e-07,7.181368900432972e-06
56,112,1.5,1.5130000000000003,57,2,0,2.1264368849335943e-06,3.598369251969115e-07,8.720444520303421e-06,6.1911504332101686e-06
57,75,0.5,0.5009999999999999,19,0,0,1.619581894374278e-06,4.5904755552328425e-09,5.272185960855739e-06,3.527195087116297e-06
57,94,1.0,1.0109999999999997,38,2,0,5.397320276624246e-07,1.6786654580770228e-06,7.167631874608808e-08,2.0628007320055985e-06
57,113,1.5,1.5100000000000002,57,2,0,2.1453552446710908e-06,2.5454557301282275e-07,8.678868258618454e-06,8.603947776464338e-09
58,77,0.5,0.52,20,1,0,1.6563247982048779e-06,5.720062006275839e-07,3.9406440209062296e-06,7.589099624283335e-06
58,95,1.0,1.0060000000000002,38,2,0,4.757583862571332e-07,8.03107673373856e-07,2.1986100757696828e-07,9.593577090072358e-06
58,114,1.5,1.5080000000000005,57,2,0,2.2771251667467627e-06,1.728473956355089e-07,8.67049566469722e-06,1.748687964209239e-06
59,78,0.5,0.5180000000000002,20,1,0,1.5663908925489523e-06,2.4184294886708813e-06,3.4300200121267356e-06,9.742812576263304e-06
59,96,1.0,1.0030000000000001,38,2,0,2.6858458986734994e-07,7.788186048026179e-07,5.511551656405688e-07,1.4824972936366976e-05
59,115,1.5,1.5040000000000004,57,2,0,2.2740878288888576e-06,1.1559774461127416e-07,8.640400747412463e-06,9.590867477982101e-07
60,79,0.5,0.516,20,1,0,1.639068159420276e-06,1.0264999446008005e-06,2.5857235537150295e-06,9.833183909790932e-06
60,97,1.0,1.0029999999999997,38,2,0,2.7648627109198056e-07,1.673691574862856e-06,1.095426389617453e-06,2.412668334272894e-05
60,116,1.5,1.5059999999999998,57,2,0,2.3986387650296145e-06,7.625226439962123e-08,8.479323413013678e-06,4.26255017771382e-06
61,80,0.5,0.5179999999999998,20,1,0,1.5333993133026524e-06,4.04766063866191e-06,2.0482046473268926e-06,7.37261186145588e-06
61,98,1.0,1.0030000000000001,38,2,0,2.2486282500506406e-07,4.100472790066316e-07,1.7113556123454598e-06,2.645643655796448e-05
61,117,1.5,1.5090000000000003,57,2,0,2.5138930034196564e-06,4.980020724790306e-08,8.256574461785941e-06,6.784817621507955e-06
62,81,0.5,0.5129999999999999,20,1,0,1.4525262486131396e-06,4.730470990921276e-06,1.7383651371448225e-06,5.924380555910602e-06
62,99,1.0,1.0,38,2,0,2.151589431582751e-07,2.0930557512981997e-06,2.373326799086707e-06,2.7987082006575292e-05
62,118,1.5,1.5050000000000003,57,2,0,2.5378172044234112e-06,3.2895116322043205e-08,8.059637594686651e-06,7.927253911077514e-06
63,82,0.5,0.5139999999999998,20,1,0,1.154257802227221e-06,8.420237193718094e-06,1.5579678668333922e-06,5.254296901568978e-06
63,100,1.0,1.0,38,2,0,4.200912420711387e-07,5.125017486564739e-06,2.8385156427973094e-06,2.01757674176406e-05
63,119,1.5,1.509,57,2,0,2.7303416722720974e-06,1.830630980066748e-08,7.801754124559159e-06,6.6429587732841355e-06
64,83,0.5,0.5150000000000001,20,1,0,8.534140079063945e-07,1.0251377773329295e-05,1.1821565281152824e-06,3.34431906701127e-06
64,101,1.0,1.0,38,2,0,5.222967764839009e-07,1.5500677025764438e-06,3.4741697496600047e-06,2.700801320543178e-05
64,120,1.5,1.5150000000000001,57,2,0,2.946325606205392e-06,1.230549233370607e-08,7.5968692548663924e-06,4.740902539879244e-06
65,84,0.5,0.5169999999999999,20,1,0,4.845971943723271e-07,1.0099990170431283e-05,1.0607880626924441e-06,3.3773474132914316e-06
65,103,1.0,1.024,39,2,0,7.243287355778069e-07,2.609252721741685e-07,4.864140209329745e-06,3.0544167572088554e-05
65,121,1.5,1.5559999999999996,57,2,0,3.470477703168632e-06,0.0,6.940205523333197e-06,8.205428461138808e-06
66,85,0.5,0.5170000000000003,20,1,0,1.546104613225907e-07,8.77510299091e-06,9.608868147032377e-07,3.112016136341822e-06
66,104,1.0,1.024,39,2,0,8.897479383148431e-07,1.7379644495932591e-06,5.359483052308866e-06,2.0844499431404984e-05
66,121,1.5,1.529,56,2,0,3.4813479931669218e-06,0.0,6.94019880600171e-06,8.205363311475367e-06
67,86,0.5,0.5190000000000001,20,1,0,9.864106687018648e-08,6.842947659180254e-06,7.572320817835109e-07,2.1008347532713856e-06
67,105,1.0,1.021,39,2,0,1.1732060774595712e-06,1.6413168207183389e-06,5.7069899479168215e-06,2.526604453123582e-05
67,121,1.5,1.5029999999999997,55,2,0,3.490810370960879e-06,0.0,6.940105272249637e-06,8.204429104097244e-06
68,87,0.5,0.5230000000000001,20,1,0,2.9632610676344484e-07,5.232627362516951e-06,6.289736189208745e-07,1.8133145669452233e-06
68,106,1.0,1.025,39,2,0,1.3687492114883276e-06,1.8627502769545183e-06,6.4250785870134365e-06,2.8364549493176128e-05
68,123,1.5,1.5810000000000004,56,3,0,3.5157148680037716e-06,6.9803743798503055e-06,5.623924444522974e-06,5.894596574762545e-05
69,88,0.5,0.524,20,1,0,4.2736985506053315e-07,3.0133078077199116e-06,5.311587893582706e-07,1.5893227276464472e-06
69,106,1.0,1.0,38,2,0,1.3915194921522854e-06,1.8627502769542438e-06,6.4232793599523515e-06,2.837853796222589e-05
69,123,1.5,1.5560000000000005,55,3,0,3.524643063910284e-06,6.9803743798503055e-06,5.623893402309283e-06,5.89457588375808e-05
70,89,0.5,0.5249999999999999,20,1,0,5.907525064685615e-07,2.186097375123097e-06,4.827650977691187e-07,1.490880304544362e-06
70,108,1.0,1.025,39,2,0,1.6281715572811205e-06,1.166013505227457e-06,7.3465436477729315e-06,1.6152774577449236e-05
70,123,1.5,1.5290000000000004,54,3,0,3.5437792818299656e-06,6.9803743798503055e-06,5.623890196310164e-06,5.894573837395001e-05
71,89,0.5,0.5009999999999999,19,1,0,6.221085868673981e-07,2.1860966938902493e-06,4.597297650997757e-07,1.3248731933757085e-06
71,108,1.0,1.001,38,2,0,1.641735080753054e-06,1.1660135052274278e-06,7.345785963314495e-06,1.6158695615331453e-05
71,123,1.5,1.5050000000000003,53,3,0,3.5500316016522383e-06,6.9803743798503055e-06,5.623869433649204e-06,5.894560149499739e-05
72,90,0.5,0.504,19,1,0,7.672832680327701e-07,1.430993560536109e-06,4.1808615198887504e-07,1.1850169618909945e-06
72,109,1.0,1.0029999999999997,38,2,0,1.8396089191668716e-06,9.384623787289794e-07,7.787566433458274e-06,1.8130975831809337e-05
72,124,1.5,1.501,53,3,0,3.4567625364397013e-06,9.603323462670451e-06,4.360463473418753e-06,9.665145103099348e-05
73,91,0.5,0.504,19,1,0,8.677947107571526e-07,8.142365024443876e-07,3.5400919615430137e-07,1.0835354653515594e-06
73,110,1.0,1.0060000000000002,38,2,0,2.0212094976355617e-06,7.085685580448869e-07,8.244564509197672e-06,1.848115198299638e-05
73,125,1.5,1.525,53,3,0,2.8199092975509903e-06,1.398254887163838e-05,1.0164152283315985e-06,6.992991001197879e-05
74,92,0.5,0.5070000000000001,19,2,0,9.390065460842498e-07,8.905839806892159e-07,2.927234951081801e-08,9.655542363873337e-06
74,111,1.0,1.0060000000000002,38,2,0,2.103799129088524e-06,4.969956102104241e-07,8.583261395560161e-06,1.4377963495348922e-05
74,125,1.5,1.5,52,3,0,2.8384133361455595e-06,1.398254887163838e-05,1.0163961958923846e-06,6.992979507458585e-05
75,93,0.5,0.512,19,2,0,1.0071523589396476e-06,1.3791420169503182e-06,2.1229914976625771e-07,4.439212673901238e-06
75,112,1.0,1.0080000000000005,38,2,0,2.2248039442066767e-06,3.598369251968433e-07,8.709229222941207e-06,6.28493218357562e-06
75,126,1.5,1.5240000000000005,52,3,0,2.1678860533827455e-06,1.477070321698193e-05,9.69014098803e-07,5.433981164060242e-05
76,94,0.5,0.5099999999999998,19,2,0,1.0966908558503717e-06,1.6786652318456615e-06,2.2622807093825903e-07,1.3423088773834024e-07
76,113,1.0,1.0090000000000003,38,2,0,2.3548167805375857e-06,2.545455730127958e-07,8.670162088122228e-06,6.466231639024045e-08
76,127,1.5,1.5759999999999996,52,3,0,1.3183877799498405e-06,1.3991011229563819e-05,4.46627867022711e-06,4.773621242293302e-05
77,95,0.5,0.5110000000000001,19,1,0,1.1548768308361873e-06,8.031074849575977e-07,8.962548647989673e-09,1.1149780505093076e-05
77,114,1.0,1.0130000000000003,38,1,0,2.512482986815211e-06,1.7284739563549345e-07,8.664481413905636e-06,1.7993928906889778e-06
77,127,1.5,1.5509999999999997,51,2,0,1.3653811532516698e-06,1.3991011229563819e-05,4.466288898890965e-06,4.773616012698767e-05
78,96,0.5,0.5110000000000001,19,1,0,1.1051574693954117e-06,7.786885009382524e-07,3.784787299850473e-07,1.6100923573958426e-05
78,115,1.0,1.0120000000000005,38,1,0,2.5161230926437622e-06,1.155977445943752e-07,8.635470785878446e-06,9.173268509243826e-07
78,127,1.5,1.5259999999999998,50,2,0,1.318722866690308e-06,1.3991011229563819e-05,4.466302511665002e-06,4.7736091033812045e-05
79,97,0.5,0.5109999999999997,19,1,0,1.3884195779975718e-06,1.6736674969483546e-06,9.67995659749558e-07,2.5065812906177598e-05
79,116,1.0,1.0139999999999998,38,1,0,2.759156684012148e-06,7.625226438648528e-08,8.47564175558104e-06,4.231886357786152e-06
79,127,1.5,1.4999999999999996,49,2,0,1.5649843831828382e-06,1.3991011229563819e-05,4.466326531213957e-06,4.7735970213125256e-05
80,98,0.5,0.512,19,1,0,1.3359839822308924e-06,4.099669161513654e-07,1.6175763723404467e-06,2.714957139460239e-05
80,117,1.0,1.0180000000000002,38,1,0,2.838812636972741e-06,4.9800207235646775e-08,8.253968646057636e-06,6.762850297548084e-06
80,129,1.5,1.5189999999999997,50,2,0,1.3329470625085933e-06,1.3848371111180505e-05,6.275355832827476e-06,5.677356182332005e-05
81,99,0.5,0.5100000000000002,19,1,0,9.887430754470621e-07,2.0930328025824413e-06,2.2914185595970387e-06,2.8585591536511856e-05
81,118,1.0,1.0150000000000006,38,1,0,2.7154720863108063e-06,3.289511629812749e-08,8.057087146054242e-06,7.907141664986739e-06
81,130,1.5,1.5170000000000003,50,2,0,1.0878605849836214e-06,1.535349900905203e-05,7.487792691843225e-06,4.965305029713818e-05
82,100,0.5,0.5140000000000002,19,1,0,1.074948018059945e-06,5.125011227119439e-06,2.7653930113375913e-06,2.070238249984868e-05
82,119,1.0,1.0230000000000001,38,1,0,2.904268819756846e-06,1.8306309768337655e-08,7.79927507301824e-06,6.624723710046965e-06
82,131,1.5,1.5230000000000001,50,2,0,1.4708885357749852e-06,1.6431200478450656e-05,8.763678232643991e-06,4.80901794901456e-05
83,101,0.5,0.512,19,1,0,8.332121507384359e-07,1.5500551571833215e-06,3.4143297252165772e-06,2.7423620053923514e-05
83,120,1.0,1.0270000000000001,38,1,0,3.0170451734114813e-06,1.2305492287642773e-08,7.594388320437102e-06,4.724983668324967e-06
83,132,1.5,1.5579999999999998,50,2,0,1.8882143159977793e-06,8.838998041937906e-06,9.754108303783595e-06,1.6692322006406357e-05
84,102,0.5,0.5099999999999998,19,1,0,7.195237287460922e-07,2.743200255591891e-06,4.060793774108444e-06,2.7388206973455453e-05
84,120,1.0,1.0,37,1,0,2.968177748641048e-06,1.2305492264599485e-08,7.593613842649947e-06,4.721550212138936e-06
84,132,1.5,1.5309999999999997,49,2,0,1.8091077901906439e-06,8.838998041937906e-06,9.754180158874959e-06,1.669199455989201e-05
85,103,0.5,0.5070000000000001,19,1,0,6.957324083327882e-07,2.609064816976094e-07,4.80952794811627e-06,3.0898216380137455e-05
85,121,1.0,1.0389999999999997,37,1,0,3.4646132101805956e-06,0.0,6.937191578828168e-06,8.189805626557245e-06
85,132,1.5,1.5019999999999998,48,2,0,1.776286468435503e-06,8.838998041937906e-06,9.754258654964497e-06,1.6691637640064982e-05
86,104,0.5,0.5069999999999997,19,1,0,8.011183578970251e-07,1.7379630443563763e-06,5.306204130506736e-06,2.117180372351868e-05
86,121,1.0,1.0119999999999996,36,1,0,3.459746014718241e-06,0.0,6.936193088213688e-06,8.185833056728598e-06
86,133,1.5,1.5030000000000001,48,2,0,2.0655099826924934e-06,6.68801058623104e-06,9.958378155978718e-06,9.66484161324388e-06
87,105,0.5,0.5019999999999998,19,1,0,1.0741549530393102e-06,1.6413160820381738e-06,5.656052117915748e-06,2.5552503672088278e-05
87,122,1.0,1.0029999999999997,36,2,0,3.610403138349701e-06,1.1309889202949524e-06,7.034401492334795e-06,9.050907351593196e-06
87,134,1.5,1.4999999999999996,48,2,0,2.2348775210322513e-06,4.862510223802021e-06,1.0108562014260179e-05,6.823317676207807e-06
88,106,0.5,0.5019999999999998,19,1,0,1.2625453721432973e-06,1.8627499909664202e-06,6.376366738178388e-06,2.861698661149603e-05
88,123,1.0,1.0580000000000003,36,2,0,3.4757364650550017e-06,6.9803743798502996e-06,5.6199000505178625e-06,5.892205467716849e-05
88,135,1.5,1.5029999999999997,48,2,0,2.5610770552672755e-06,3.751204758373372e-06,1.0290583962791774e-05,8.814071563278958e-06
89,107,0.5,0.5,19,1,0,1.3239122070110894e-06,1.4031139070835417e-06,6.92000024821942e-06,2.3234089837842475e-05
89,123,1.0,1.0320000000000005,35,2,0,3.4756682599494322e-06,6.9803743798503e-06,5.619011785206423e-06,5.8916840089295874e-05
89,137,1.5,1.5180000000000002,49,2,0,3.0750327536436425e-06,2.1351618499927945e-06,1.0207176893269576e-05,2.474040186939419e-06
90,108,0.5,0.5,19,1,0,1.474012904952861e-06,1.166013428370644e-06,7.29361321298614e-06,1.638770937972822e-05
90,123,1.0,1.0040000000000004,34,2,0,3.475645823668432e-06,6.9803743798502996e-06,5.617296423011179e-06,5.890678039577324e-05
90,138,1.5,1.5220000000000002,49,2,0,3.3334483131350615e-06,1.48767929886185e-06,1.0220931087489597e-05,2.7790614325340357e-06
91,110,0.5,0.528,20,1,0,1.8055333319514702e-06,7.085685387973989e-07,8.189796324471493e-06,1.869795907794014e-05
91,125,1.0,1.0469999999999997,35,2,0,2.6695574022603793e-06,1.3982548871638377e-05,1.0099174314506807e-06,6.989357257225493e-05
91,139,1.5,1.5270000000000001,49,2,0,3.3828108350139227e-06,8.171811600734008e-07,1.0166470678678833e-05,1.5729511346762592e-06
92,110,0.5,0.5020000000000002,19,0,0,1.8055261101797215e-06,7.085685399303683e-07,8.180903442693247e-06,1.87249971475012e-05
92,125,1.0,1.021,34,1,0,2.6695525304676755e-06,1.3982548871638379e-05,1.0086750304587886e-06,6.988665705875974e-05
92,139,1.5,1.5010000000000003,48,1,0,3.382806990422418e-06,8.171811600734008e-07,1.0166630876857029e-05,1.5736442762204206e-06
93,112,0.5,0.5260000000000002,20,0,0,1.7910885331220984e-06,3.5112384613946653e-07,9.016497878052032e-06,5.350194513198403e-06
93,126,1.0,1.0420000000000003,34,1,0,1.7264305310992125e-06,1.4770700907718039e-05,9.28171858249641e-07,5.455871831827608e-05
93,141,1.5,1.5239999999999996,49,1,0,3.979214994386973e-06,3.650438884530277e-07,9.808313810219966e-06,6.618591633866799e-06
94,113,0.5,0.5230000000000006,20,0,0,1.677076598847452e-06,2.415015964701433e-07,8.874091213855435e-06,5.856898894762708e-07
94,126,1.0,1.0120000000000005,33,1,0,1.5075962496858725e-06,1.4770697710275728e-05,9.398814138093545e-07,5.449600081419703e-05
94,142,1.5,1.521,49,1,0,4.302468467167261e-06,2.4052729942465986e-07,9.503064400220872e-06,1.0527530101001048e-05
95,114,0.5,0.5280000000000005,20,0,0,1.766552624125253e-06,1.6409578099703013e-07,8.719842708468814e-06,1.6002215375010564e-06
95,127,1.0,1.0659999999999998,33,1,0,2.6136066269758253e-07,1.3991009453206979e-05,4.460305206868759e-06,4.7765426046453285e-05
95,143,1.5,1.5259999999999998,49,1,0,4.5097851340576305e-06,1.5282134316430816e-07,9.176302837911606e-06,1.0308491798838304e-05
96,114,0.5,0.5020000000000002,19,0,0,1.9106046421781735e-06,1.6265724471537211e-07,8.27070869412374e-06,2.967374484796892e-06
96,127,1.0,1.0399999999999996,32,1,0,4.053486059167391e-07,1.3991009147673603e-05,4.5128250702128305e-06,4.7509374951459904e-05
96,143,1.5,1.4999999999999996,48,1,0,4.365792785067703e-06,1.5282134316430816e-07,9.183972529248238e-06,1.0341115594059147e-05
97,115,0.5,0.5010000000000003,19,0,0,1.8104880012772179e-06,1.076737992262213e-07,7.960557387805136e-06,1.1392755752126504e-06
97,127,1.0,1.0149999999999997,31,1,0,2.7339631720287644e-07,1.399100877819138e-05,4.551997952113858e-06,4.731848935080052e-05
97,144,1.5,1.505,48,2,0,4.653425931461837e-06,3.351282457889396e-07,8.856122810126912e-06,2.979271016556595e-07
98,116,0.5,0.5030000000000001,19,0,0,2.1100172208217324e-06,7.124521112492938e-08,7.3227583148652626e-06,6.615632912598812e-07
98,128,1.0,1.0099999999999998,31,1,0,8.465296810296147e-08,1.2176802897556727e-05,5.461352376646088e-06,5.349970132328963e-05
98,145,1.5,1.505,48,2,0,4.670634867711477e-06,5.331582785026401e-06,9.572876684923686e-06,3.304215709931668e-05
99,117,0.5,0.5060000000000002,19,0,0,2.0939130411248084e-06,4.611393956724085e-08,6.856415871249475e-06,2.3560922954857233e-06
99,129,1.0,1.0069999999999997,31,1,0,4.963786254930142e-07,1.384836959061905e-05,6.4493798822237515e-06,5.593584847929378e-05
99,146,1.5,1.5089999999999995,48,2,0,4.959583684420522e-06,1.3127683119827192e-06,1.0133123122621312e-05,3.138591137030744e-05
100,118,0.5,0.5050000000000003,19,0,0,1.983810705227907e-06,2.99650083733455e-08,6.415945000856896e-06,2.6759814346632993e-06
100,130,1.0,1.0070000000000001,31,1,0,1.0538756502093024e-06,1.535349780112938e-05,7.685175472708856e-06,4.8710389137340826e-05
100,147,1.5,1.5109999999999997,48,2,0,5.120428055846887e-06,2.622543599066901e-06,1.0746460091506177e-05,3.001551726811158e-05
101,119,0.5,0.5089999999999999,19,0,0,1.846697459519159e-06,1.576293607627765e-08,6.3140187827575335e-06,1.7761044972530726e-06
101,131,1.0,1.009,31,1,0,1.963811429513885e-06,1.6431199370003988e-05,8.936792694290244e-06,4.727166583506914e-05
101,148,1.5,1.5150000000000001,48,2,0,5.619147732056134e-06,2.4033811050329484e-06,1.206079650285084e-05,5.5435848764773255e-05
102,120,0.5,0.5150000000000001,19,0,0,2.2563997390663063e-06,1.131093130191756e-08,5.731913715844955e-06,1.3638528528758798e-06
102,132,1.0,1.0459999999999998,31,1,0,2.449557129591317e-06,8.838997786142522e-06,9.942131551888114e-06,1.5844401957565424e-05
102,149,1.5,1.5150000000000001,48,2,0,5.635388643477019e-06,7.3082035235513455e-06,1.3622083138549934e-05,6.404285676353538e-05
103,121,0.5,0.5579999999999998,19,0,0,2.6408910685023682e-06,0.0,5.142276637446798e-06,2.183418242651669e-06
103,132,1.0,1.021,30,1,0,2.582429260663902e-06,8.838997672455682e-06,9.97735571154101e-06,1.5685894879879925e-05
103,150,1.5,1.5190000000000001,48,2,0,5.8730692258530064e-06,2.5799057464328588e-06,1.545819840005292e-05,7.114200707292184e-05
104,121,0.5,0.5319999999999996,18,0,0,2.7421233995703706e-06,0.0,4.676461962352633e-06,7.315240537764112e-07
104,133,1.0,1.0230000000000001,30,1,0,2.780245338949812e-06,6.688010472544203e-06,1.020847847802298e-05,8.54582449960617e-06
104,151,1.5,1.5289999999999995,48,2,0,5.740675640043363e-06,3.344157308189332e-06,1.6835227640723658e-05,5.126413887523995e-05
105,121,0.5,0.5049999999999999,17,0,0,2.547995819688902e-06,0.0,4.668933716643796e-06,7.164793238700895e-07
105,134,1.0,1.021,30,1,0,3.145380418361577e-06,4.862510053271764e-06,1.0334278575672344e-05,5.818683703751049e-06
105,151,1.5,1.5019999999999998,47,2,0,5.9342650341283925e-06,3.3441573117116482e-06,1.6835318680920862e-05,5.126366480112665e-05
106,122,0.5,0.5009999999999999,17,1,0,2.437169428072877e-06,1.1308460727833467e-06,4.522882747448742e-06,1.0385239761490084e-06
106,135,1.0,1.0299999999999998,30,1,0,3.7340717966721585e-06,3.7512046446865343e-06,1.0527143722112862e-05,7.770863163614194e-06
106,152,1.5,1.5059999999999998,47,2,0,6.070384495209287e-06,6.112395652900812e-06,1.755391480932245e-05,3.0542513854925346e-05
107,123,0.5,0.5560000000000005,17,1,0,2.112218396638067e-06,6.9801516673352e-06,3.538650356050312e-06,4.685298279127892e-05
107,135,1.0,1.001,29,1,0,3.924367717902936e-06,3.7512045878431154e-06,1.0582924824449555e-05,7.525778514150261e-06
107,153,1.5,1.5050000000000003,47,2,0,6.068013030881506e-06,7.77643374538994e-06,1.7952086974117497e-05,1.8650729288083312e-05
108,123,0.5,0.5320000000000005,16,1,0,2.0790051280577866e-06,6.98013623434698e-06,3.402133112235163e-06,4.606803668139037e-05
108,137,1.0,1.0180000000000002,30,1,0,4.471633666016639e-06,2.1351617647276662e-06,1.0469471690962508e-05,1.3249317021291063e-06
108,154,1.5,1.5080000000000005,47,2,0,5.8607394492097685e-06,9.67935883888447e-06,1.7997956068622692e-05,4.909840896516471e-06
109,123,0.5,0.5040000000000004,15,1,0,1.9438483320774187e-06,6.9800801156817085e-06,3.3061469235033384e-06,4.5518815340983565e-05
109,138,1.0,1.0220000000000002,30,1,0,4.865228433460082e-06,1.487679242018431e-06,1.0461154667692667e-05,1.7348562479924112e-06
109,155,1.5,1.5030000000000001,47,2,0,5.764472758263238e-06,8.730554656024204e-06,1.7946058601663124e-05,1.0078431387228193e-05
110,125,0.5,0.548,16,1,0,9.81938129030861e-07,1.3982403565648912e-05,8.629425238428794e-07,5.958182418908109e-05
110,139,1.0,1.0280000000000005,30,1,0,5.0704122926960755e-06,8.171811316516914e-07,1.0411446058464886e-05,2.627700304458358e-06
110,156,1.5,1.5040000000000004,47,2,0,5.657025399287598e-06,7.912157394696267e-06,1.7950219555964042e-05,4.652835514207254e-06
111,125,0.5,0.5189999999999997,15,1,0,8.30756647474398e-07,1.3982375442367433e-05,1.1356093902408758e-06,5.810026078734154e-05
111,140,1.0,1.0219999999999998,30,1,0,5.500683634807089e-06,5.635609738875452e-07,1.0286975738005622e-05,3.494313808971583e-06
111,157,1.5,1.4999999999999996,47,2,0,5.620522390115908e-06,7.089108229368873e-06,1.796072497896579e-05,1.2167312490873883e-06
112,126,0.5,0.5430000000000001,15,1,0,2.0346917048055137e-08,1.4770614832571029e-05,2.783969409899022e-06,4.472950143963317e-05
112,141,1.0,1.0249999999999995,30,1,0,5.685295469959357e-06,3.650438884530277e-07,1.0057593396489788e-05,7.683236425748419e-06
112,158,1.5,1.5090000000000003,47,2,0,5.3806295472939496e-06,6.401506642524421e-06,1.8032691974965327e-05,7.448010791222259e-06
113,126,0.5,0.516,14,1,0,8.028122522391328e-08,1.477060308019418e-05,2.7877444484171073e-06,4.4710672568726295e-05
113,142,1.0,1.0249999999999995,30,1,0,5.890341846281917e-06,2.405272710029505e-07,9.725753887798286e-06,1.1474991687521197e-05
113,159,1.5,1.5059999999999993,47,2,0,5.343994706397834e-06,5.223503491474777e-06,1.804040995984424e-05,3.4362268763743486e-07
114,127,0.5,0.5669999999999993,14,1,0,1.367096388094069e-06,1.3990978814604213e-05,5.7899854791076765e-06,4.13453126384411e-05
114,143,1.0,1.0269999999999992,30,1,0,6.1382364222595285e-06,1.5282134316430818e-07,9.372827377901991e-06,1.1140962001832122e-05
114,160,1.5,1.5019999999999998,47,2,0,5.253782835592433e-06,4.3536119619248895e-06,1.787682334591284e-05,9.20308309559914e-08
115,127,0.5,0.5379999999999994,13,1,0,1.5120727141493304e-06,1.3990975027411432e-05,5.929819583455718e-06,4.068688892289174e-05
115,144,1.0,1.0279999999999996,30,2,0,6.438890182417416e-06,3.351282457889396e-07,9.033462804056332e-06,1.2007975556116435e-06
115,161,1.5,1.505,47,2,0,5.16859736742054e-06,4.816183840471093e-06,1.7780671564782082e-05,2.6168824263095303e-07
116,127,0.5,0.5139999999999993,12,1,0,1.541350584943761e-06,1.3990974409239251e-05,5.975473596131133e-06,4.0473170997756824e-05
116,144,1.0,1.0039999999999996,29,2,0,6.4681679781028915e-06,3.351282457889396e-07,9.039540029830611e-06,1.231541546076187e-06
116,162,1.5,1.5009999999999994,47,2,0,5.050626524429664e-06,4.281962553982059e-06,1.7577190541036838e-05,5.328665949377864e-06
117,128,0.5,0.5069999999999997,12,1,0,2.0279620684959843e-06,1.217677683484918e-05,6.714104292915635e-06,4.751714686790365e-05
117,145,1.0,1.0019999999999998,29,2,0,6.783192515041629e-06,5.331582785026401e-06,9.728533997923134e-06,3.218466275711762e-05
117,163,1.5,1.524,47,2,0,4.895782768121841e-06,3.0412524976578756e-06,1.6603361489557103e-05,1.6124643536841177e-05
118,129,0.5,0.5009999999999994,12,1,0,2.591753471392624e-06,1.3848350576495441e-05,7.563960818910413e-06,5.0651751877239803e-05
118,146,1.0,1.0029999999999992,29,2,0,7.054947669184618e-06,1.3127683119827192e-06,1.0265050266253486e-05,3.06519395394389e-05
118,164,1.5,1.5179999999999998,47,2,0,4.884980709984667e-06,2.649539894516402e-06,1.6164621578799926e-05,1.580814241464168e-05
119,130,0.5,0.5019999999999998,12,1,0,3.0384211413547767e-06,1.535348548031834e-05,8.66684298847884e-06,4.409893270462817e-05
119,147,1.0,1.0059999999999993,29,2,0,7.104890274443219e-06,2.622543599066901e-06,1.0859745342594919e-05,2.9391335601758328e-05
119,165,1.5,1.5119999999999996,47,2,0,4.829856483502414e-06,2.6129045544149583e-06,1.574598137418554e-05,2.0335024551343395e-05
120,131,0.5,0.5,12,1,0,3.8106921635972025e-06,1.6431192520372015e-05,9.858759417578536e-06,4.299827421050395e-05
120,148,1.0,1.0060000000000002,29,2,0,7.46574461756634e-06,2.4033811050329484e-06,1.2164596830990708e-05,5.487307828389021e-05
120,166,1.5,1.508,47,2,0,4.9113360700495375e-06,2.272100693322816e-06,1.506985600666753e-05,2.4266276810180898e-05
121,132,0.5,0.5309999999999997,12,1,0,4.7058279903922135e-06,8.838994915549867e-06,1.0661215017600216e-05,1.2675460951072637e-05
121,149,1.0,1.0,29,2,0,7.891436172932254e-06,7.3082035235513455e-06,1.3713569936518297e-05,6.355218988574052e-05
121,167,1.5,1.5039999999999996,47,2,0,5.014449626076946e-06,1.9250722361584757e-06,1.4320776856976734e-05,2.5847871519601995e-05
122,134,0.5,0.516,13,0,0,5.693248709803815e-06,4.862508944825096e-06,1.086391980789212e-05,3.5283897261706443e-06
122,152,1.0,1.024,31,1,0,8.348254624422763e-06,6.112395649414332e-06,1.7603713033858937e-05,3.0286734215678734e-05
122,170,1.5,1.5100000000000007,49,1,0,5.277869494207618e-06,1.0456972021448975e-06,1.2376982262844365e-05,2.5187193827491683e-05
123,135,0.5,0.5289999999999999,13,0,0,5.452298438513027e-06,3.547698355532878e-06,1.1026981503078891e-05,5.6658486329297375e-06
123,152,1.0,1.005,30,1,0,7.77259315370956e-06,6.112433475405979e-06,1.7613135414380554e-05,3.0239275162102786e-05
123,171,1.5,1.516,49,1,0,4.765820041684637e-06,8.872675823538995e-07,1.175956985841286e-05,2.4520632774027717e-05
124,138,0.5,0.5179999999999998,15,0,0,3.4234361265816915e-06,1.0888057602190594e-06,1.0174023961714123e-05,2.143802824150498e-06
124,156,1.0,1.029,33,1,0,4.10342131488745e-06,7.912196108149715e-06,1.7904269929814313e-05,4.862121812720943e-06
124,174,1.5,1.5099999999999998,51,2,0,2.9942467349368214e-06,3.3683034987469787e-06,9.279765492922053e-06,3.73411967160564e-05
125,139,0.5,0.5300000000000002,15,0,0,3.1201999490804155e-06,5.657852000242808e-07,8.861986175404409e-06,1.814939253108605e-06
125,156,1.0,1.0060000000000002,32,1,0,3.777181771738903e-06,7.912201390764877e-06,1.774072870875933e-05,5.629588628153215e-06
125,175,1.5,1.513,51,2,0,2.9482477989709055e-06,1.1322510596219068e-06,8.26022324500539e-06,3.803799853940859e-05
126,140,0.5,0.5030000000000001,15,0,0,3.0318331027956447e-06,3.8753776721039577e-07,8.287501971952993e-06,2.532576644398432e-06
126,158,1.0,1.0150000000000006,33,1,0,3.0479145269907825e-06,6.401521884549007e-06,1.7809015166881475e-05,8.473612922443863e-06
126,176,1.5,1.5,51,2,0,2.79814803198828e-06,5.3452040194026155e-06,6.881011558601106e-06,3.702897102542124e-05
127,142,0.5,0.5089999999999995,16,0,0,2.8313103470623012e-06,1.655053552183367e-07,7.700490250611102e-06,5.090346725467043e-06
127,160,1.0,1.013,34,1,0,2.5046885970666297e-06,4.3536188082847654e-06,1.7658536967347573e-05,1.0802982046698162e-06
127,179,1.5,1.5229999999999997,53,2,0,2.476253247084139e-06,8.570863989823088e-06,4.68131925457329e-06,2.6597315816445644e-05
128,145,0.5,0.516,18,1,0,3.08455643071433e-06,5.315509269577124e-06,6.994952843620665e-06,4.572678568592892e-05
128,163,1.0,1.0380000000000003,36,1,0,2.302722595997251e-06,3.041253419311604e-06,1.6329607967568856e-05,1.4934409406919258e-05
128,182,1.5,1.524,55,2,0,2.3524291240542392e-06,2.0610922586974267e-06,3.032809061845303e-06,1.776249272467112e-05
129,146,0.5,0.524,18,1,0,3.201834608560844e-06,1.302164548014821e-06,7.373331220744403e-06,4.531658578343922e-05
129,163,1.0,1.0170000000000003,35,1,0,2.2933176825016575e-06,3.0412534442211655e-06,1.6268272649869703e-05,1.4671979002400803e-05
129,182,1.5,1.5030000000000001,54,2,0,2.352689097213911e-06,2.0610922586974267e-06,3.0275743268394883e-06,1.7724725362100457e-05
130,146,0.5,0.5019999999999998,17,1,0,2.929370544287032e-06,1.3013612923558016e-06,6.892968586759474e-06,4.765352292679381e-05
130,164,1.0,1.0170000000000003,35,1,0,2.3597080198645445e-06,2.649540551211717e-06,1.5804538591870403e-05,1.4255195488033223e-05
130,183,1.5,1.5060000000000002,54,2,0,2.3410235020327654e-06,1.705483850682471e-06,2.632269826478563e-06,1.5702191230815288e-05
131,147,0.5,0.5039999999999996,17,1,0,2.823060258610419e-06,2.6272062816448795e-06,7.590533131941043e-06,4.579903588819434e-05
131,165,1.0,1.0099999999999998,35,1,0,2.4451648999540252e-06,2.6129050423657796e-06,1.5376281204121268e-05,1.8745078520510106e-05
131,184,1.5,1.508,54,2,0,2.3284249225088284e-06,1.5552578801413715e-06,2.266806307916626e-06,1.3432472999674872e-05
132,148,0.5,0.5060000000000002,17,1,0,2.661560557754748e-06,2.3984580525110026e-06,8.844675128717451e-06,7.124029554006484e-05
132,166,1.0,1.008,35,1,0,2.5433774206158886e-06,2.2721010293662618e-06,1.4678099707664809e-05,2.2593043304652838e-05
132,185,1.5,1.5019999999999998,54,2,0,2.3883664385234095e-06,1.1816244795031664e-06,1.9853483374901896e-06,1.1715091400077426e-05
133,151,0.5,0.5339999999999998,19,1,0,2.7864127207307024e-06,3.3447308786020324e-06,1.4602500238330229e-05,6.184443975598697e-05
133,169,1.0,1.0190000000000001,37,1,0,2.91517171716766e-06,1.2064998446939128e-06,1.279796025148294e-05,2.322527093667759e-05
133,187,1.5,1.5020000000000007,55,2,0,2.405975349879285e-06,6.432940953848726e-07,1.404131993888925e-06,8.367313560242451e-06
134,151,0.5,0.5059999999999993,18,1,0,2.6279514597816436e-06,3.3447897753242014e-06,1.4525163142917635e-05,6.218047005290828e-05
134,170,1.0,1.0190000000000001,37,1,0,3.0887605558135245e-06,1.04569725612765e-06,1.209581354478288e-05,2.400280738612537e-05
134,189,1.5,1.5229999999999997,56,2,0,2.450422643736977e-06,3.0535659649884435e-07,1.0541605246249603e-06,6.703791056494879e-06
135,152,0.5,0.508,18,1,0,2.4590771276735877e-06,6.112970655834593e-06,1.5371161147195047e-05,4.0723174947743246e-05
135,171,1.0,1.0190000000000001,37,1,0,3.1632115000276843e-06,8.872676143350555e-07,1.1486919378232583e-05,2.337672313501571e-05
135,190,1.5,1.524,56,2,0,2.4731310849016007e-06,1.6976824843596994e-07,9.027409063497823e-07,5.755248448036099e-06
136,153,0.5,0.5040000000000004,18,1,0,2.0535838132298053e-06,7.77689417094203e-06,1.5733423221192375e-05,2.878728065525138e-05
136,172,1.0,1.013,37,1,0,3.3690824001774413e-06,6.401394253197943e-07,1.0871565683235297e-05,2.1774332697788168e-05
137,154,0.5,0.5120000000000005,18,1,0,1.726383799363176e-06,9.679663153107695e-06,1.604166029159261e-05,1.378874162583088e-05
137,173,1.0,1.0190000000000001,37,2,0,3.505857942721011e-06,7.738990755023398e-07,1.0062245555655709e-05,3.24286661346207e-05
138,155,0.5,0.5129999999999999,18,1,0,1.491898670798453e-06,8.730768420975346e-06,1.6063804432840207e-05,1.8515567774102237e-05
138,174,1.0,1.024,37,2,0,3.655399414286851e-06,3.3683034902585934e-06,9.055486465892595e-06,3.6105289151322495e-05
139,156,0.5,0.5110000000000001,18,1,0,1.3814923109825138e-06,7.912304632982747e-06,1.61077895703076e-05,1.2747205516916438e-05
139,175,1.0,1.0179999999999998,37,2,0,3.8945032353582896e-06,1.1322510722232126e-06,8.060037454021205e-06,3.685043929380072e-05
140,157,0.5,0.5009999999999994,18,1,0,1.3822488179463948e-06,7.089201237664328e-06,1.619886874838799e-05,8.867443455073953e-06
140,176,1.0,1.0199999999999996,37,2,0,3.7551780527278415e-06,5.3452040194026155e-06,6.713426631212984e-06,3.596657832360961e-05
141,158,0.5,0.5120000000000005,18,1,0,1.6151271615880685e-06,6.401556981678143e-06,1.642398110618843e-05,1.4323237820690338e-05
141,177,1.0,1.016,37,2,0,3.8926813213022395e-06,7.737325904741581e-06,6.054699712024579e-06,3.3034153734234906e-05
142,159,0.5,0.508,18,1,0,1.7093942629430361e-06,5.223536920924092e-06,1.6559845471183005e-05,6.635905705820733e-06
142,178,1.0,1.0130000000000008,37,2,0,3.8002526450565915e-06,8.113411527105777e-06,5.3026207140471e-06,2.9969854196565393e-05
143,160,0.5,0.5040000000000004,18,1,0,2.0391332651152485e-06,4.353634576851987e-06,1.652610047301249e-05,5.8164274179262065e-06
143,179,1.0,1.0140000000000002,37,2,0,3.6703327911959957e-06,8.570863989823088e-06,4.568556123341056e-06,2.5819603511223477e-05
144,161,0.5,0.5070000000000006,18,0,0,2.374326636681016e-06,4.816196494311868e-06,1.652678200226963e-05,5.4894025680596314e-06
144,180,1.0,1.0110000000000001,37,1,0,3.6878893943263666e-06,4.120098842563936e-06,3.964737002507128e-06,2.286927332306732e-05
145,163,0.5,0.548,19,0,0,3.685297323260615e-06,3.3076272594128407e-06,1.5109789550026178e-05,1.0459207118174163e-05
145,181,1.0,1.0070000000000006,37,1,0,4.37258600311411e-06,1.5343252905253202e-06,3.374850441399756e-06,1.9696431769133937e-05
146,163,0.5,0.5220000000000002,18,0,0,5.262428016499666e-06,3.858648270295357e-06,1.3628066576127765e-05,5.808678920971033e-06
146,182,1.0,1.008,37,1,0,5.965473818657578e-06,2.061194954387847e-06,2.762577915111247e-06,1.5821966709239632e-05
147,164,0.5,0.5150000000000006,18,0,0,4.671782161826206e-06,3.1456269574690685e-06,1.2606506838765555e-05,3.6810068309023336e-06
147,183,1.0,1.0040000000000004,37,1,0,5.054209333990167e-06,1.7055188873654924e-06,2.3356710417687377e-06,1.3551266631495196e-05
148,165,0.5,0.5060000000000002,18,0,0,4.360722201035382e-06,3.0131406190534474e-06,1.1757867396547405e-05,6.8549804339568254e-06
148,184,1.0,1.0040000000000004,37,1,0,4.536131273399155e-06,1.5552699134634293e-06,1.9667492170461145e-06,1.1240555418012832e-05
149,166,0.5,0.5019999999999998,18,0,0,4.655493070786006e-06,2.622467351540541e-06,9.68423932887414e-06,6.4514400648363335e-06
149,186,1.0,1.0249999999999995,38,1,0,4.678188647468651e-06,9.404759775527225e-07,1.3689598426661795e-06,7.706960655440298e-06
150,167,0.5,0.5039999999999996,18,0,0,5.428891061222527e-06,2.4304770209624123e-06,8.243475131052616e-06,5.729526073139368e-06
150,187,1.0,1.0330000000000004,38,1,0,5.325474820264459e-06,6.432967088451481e-07,1.0787186050980381e-06,5.971494457135407e-06
151,169,0.5,0.5209999999999999,19,0,0,5.159692634826624e-06,1.4962349456566032e-06,6.63303834063893e-06,2.8045345743521466e-06
151,187,1.0,1.0040000000000004,37,1,0,4.7597216979167715e-06,6.432961937635131e-07,9.947627499488809e-07,5.353707542177233e-06
152,170,0.5,0.5130000000000008,19,0,0,4.2237808130742635e-06,8.760360931953122e-07,5.9882897811644955e-06,3.5667793554239324e-06
152,189,1.0,1.0170000000000003,38,1,0,3.6151645931382492e-06,3.053563027476072e-07,7.354721769858723e-07,4.332905619186533e-06
153,171,0.5,0.5110000000000001,19,0,0,3.904790769327982e-06,7.331850888249247e-07,5.833798026955835e-06,4.188497371160338e-06
153,190,1.0,1.016,38,1,0,3.235456203948922e-06,1.697680369350607e-07,6.345438642789275e-07,3.7539428414667952e-06
154,172,0.5,0.5089999999999995,19,0,0,3.5459200463748793e-06,3.550429044937784e-07,5.487341528614762e-06,3.3416825360177427e-06
155,173,0.5,0.5069999999999997,19,1,0,3.2293257130105703e-06,6.30859407000594e-07,5.173632962718223e-06,1.1040479488855226e-05
156,174,0.5,0.5110000000000001,19,1,0,2.9584836439890484e-06,3.3464558119090357e-06,4.277725109157222e-06,1.1798185020950314e-05
157,175,0.5,0.5069999999999997,19,1,0,2.847689178164912e-06,1.0858096858962815e-06,3.6204365131290877e-06,1.1954942618075393e-05
158,176,0.5,0.5190000000000001,19,1,0,2.6179610095342496e-06,5.342290310868923e-06,2.8743216404014143e-06,1.2474318417332597e-05
159,177,0.5,0.5039999999999996,19,1,0,2.262279186892915e-06,7.736523487961062e-06,2.0326721413733722e-06,7.586785272906127e-06
160,178,0.5,0.5050000000000008,19,1,0,2.05691242383633e-06,8.113268665825833e-06,1.734027064114806e-06,6.544225648497104e-06
161,179,0.5,0.5099999999999998,19,1,0,1.585762834216658e-06,8.570859560001514e-06,1.3731841790607868e-06,4.228167437503316e-06
162,180,0.5,0.5039999999999996,19,1,0,1.2101057364022821e-06,4.1199499126987225e-06,9.775267897968435e-07,2.2528831422619078e-06
163,181,0.5,0.5100000000000007,19,1,0,9.812181564451523e-07,1.533794661297299e-06,8.804369231461137e-07,2.1733762540776524e-06
164,183,0.5,0.5110000000000001,20,1,0,5.052614906866959e-07,1.7054833313060531e-06,7.01353629029127e-07,1.7819716617850645e-06
165,184,0.5,0.516,20,1,0,2.1549965738385354e-07,1.5552766308473708e-06,5.899947254109789e-07,1.2450534860874996e-06
166,185,0.5,0.5209999999999999,20,1,0,4.835955526712275e-08,1.1816435966391474e-06,5.668513811046534e-07,1.314868634416655e-06
167,186,0.5,0.5229999999999997,20,1,0,8.849750483535298e-08,9.404900340975351e-07,5.209266141703156e-07,1.4725889005973158e-06
168,187,0.5,0.5290000000000008,20,1,0,2.3052339277902681e-07,6.433056299500688e-07,4.55748702971644e-07,1.4006755968409834e-06
169,187,0.5,0.5090000000000003,19,1,0,4.302750819434162e-07,6.433062245311086e-07,4.4815822016880023e-07,1.3458594194659668e-06
170,188,0.5,0.5069999999999997,19,1,0,5.158815617473739e-07,4.4130960607092453e-07,3.8463572407073676e-07,1.517801826889098e-06
171,189,0.5,0.5039999999999996,19,1,0,6.457196135651261e-07,3.0536160467661884e-07,3.413651681847364e-07,1.4110268353739741e-06
172,190,0.5,0.5049999999999999,19,1,0,7.02685605479112e-07,1.6977124316227883e-07,2.9728054296690614e-07,1.2450316360101965e-06
