transition_sequence,end_simulation_time_s,dt_s,collision_this_step,position_error_cm,planar_position_error_cm,velocity_error_cm_s,planar_velocity_error_cm_s,yaw_error_deg,angular_velocity_yaw_error_deg_s,spring_velocity_error_cm_s,spring_acceleration_error_cm_s2,intermediate_velocity_error_cm_s
0,1.0150000000000001,0.024000000000000132,False,2.919364305853378e-09,2.919364305853378e-09,1.12869690482853e-07,1.12869690482853e-07,0.0,0.0,1.1287123413694644e-07,2.143368689644376e-06,1.0430806263173054e-07
1,1.04,0.02499999999999991,False,1.4108877621765714e-08,1.4108877621765714e-08,5.016773139132624e-07,5.016773139132624e-07,0.0,0.0,5.016781727817943e-07,1.347112828398167e-06,1.8626455755565985e-07
2,1.069,0.028999999999999915,False,7.003291102591902e-08,7.003291102591902e-08,2.0289810453988366e-06,2.0289810453988366e-06,0.0,0.0,2.0289807700635265e-06,7.598936690556002e-06,5.140901038203083e-07
3,1.11,0.04100000000000015,False,1.5420744148286758e-07,1.5420744148286758e-07,3.0619151800692634e-06,3.0619151800692634e-06,0.0,0.0,3.061913879776057e-06,1.860125854591388e-05,5.662440543119374e-07
4,1.147,0.03699999999999992,False,1.2641146440728335e-07,1.2641146440728335e-07,2.890207419170565e-06,2.890207419170565e-06,0.0,0.0,2.8902067157332567e-06,2.301037778806858e-05,2.3841862173412665e-07
5,1.182,0.03499999999999992,False,9.10529251996195e-09,9.10529251996195e-09,5.012587820374392e-07,5.012587820374392e-07,0.0,0.0,5.012587607211572e-07,1.2720626841655758e-05,7.450584860180243e-08
6,1.215,0.03300000000000014,False,1.0646147075021872e-07,1.0646147075021872e-07,2.8357257235711586e-06,2.8357257235711586e-06,0.0,0.0,2.835726348848766e-06,3.6836598098943796e-05,8.940703821735951e-08
7,1.2510000000000001,0.03600000000000003,False,3.067882516916143e-07,3.067882516916143e-07,3.115102586548346e-06,3.115102586548346e-06,0.0,0.0,3.1151011228303105e-06,1.3785215969619458e-05,1.087784767150879e-06
8,1.284,0.03299999999999992,False,1.1482563877507346e-07,1.1482563877507346e-07,2.90757429866062e-06,2.90757429866062e-06,0.0,0.0,2.907573502852756e-06,3.806557094776508e-05,8.940691031966708e-08
9,1.318,0.03400000000000003,False,3.2056755117082503e-07,3.2056755117082503e-07,2.7812853886644007e-06,2.7812853886644007e-06,0.0,0.0,2.781284322850297e-06,1.2673381490913016e-05,9.238719940185547e-07
10,1.348,0.030000000000000027,False,1.8709852156462148e-07,1.8709852156462148e-07,8.583814405938028e-07,8.583814405938028e-07,0.0,0.0,8.583828616792744e-07,6.105281499912962e-06,0.0
11,1.381,0.03299999999999992,False,7.102482868504012e-08,7.102482868504012e-08,1.3604067987671442e-06,1.3604067987671442e-06,0.0,0.0,1.3604051218862878e-06,2.1275100380080403e-05,0.0
12,1.412,0.030999999999999917,False,1.9539311324479058e-07,1.9539311324479058e-07,3.9240387650352204e-07,3.9240387650352204e-07,0.0,0.0,3.924054112758313e-07,7.315493007808982e-06,0.0
13,1.449,0.037000000000000144,False,9.459870398131898e-08,9.459870398131898e-08,5.167732695099403e-07,5.167732695099403e-07,0.0,0.0,5.167740653178043e-07,7.60166273039431e-06,0.0
14,1.485,0.03600000000000003,False,3.617718675741344e-07,3.617718675741344e-07,3.043471394903463e-07,3.043471394903463e-07,0.0,0.0,3.0434614473051624e-07,4.626448912858905e-06,0.0
15,1.516,0.030999999999999917,False,2.1854225451534148e-07,2.1854225451534148e-07,6.975164978939574e-08,6.975164978939574e-08,0.0,0.0,6.975128030717315e-08,1.3285270554774797e-06,0.0
16,1.545,0.028999999999999915,False,1.712616040094872e-07,1.712616040094872e-07,1.0417792850603291e-07,1.0417792850603291e-07,0.0,0.0,1.0417701901133114e-07,1.6980718058334787e-06,0.0
17,1.573,0.028000000000000025,False,1.4323404684546404e-07,1.4323404684546404e-07,4.8654356987754e-08,4.8654356987754e-08,0.0,0.0,4.8655465434421785e-08,7.984460221877043e-07,0.0
18,1.605,0.03200000000000003,False,2.5274368908867473e-07,2.5274368908867473e-07,8.42284180180286e-08,8.42284180180286e-08,0.0,0.0,8.422770747529285e-08,1.4470555527168472e-06,0.0
19,1.659,0.05400000000000005,False,2.3223071821121266e-07,2.3223071821121266e-07,2.549256805650657e-08,2.549256805650657e-08,0.0,0.0,2.5492113309155684e-08,4.3988302778075195e-07,0.0
20,1.683,0.02400000000000002,False,3.442528395680711e-08,3.442528395680711e-08,1.2112195690860972e-09,1.2112195690860972e-09,0.0,0.0,1.2097132184862858e-09,1.7982386246728765e-08,0.0
21,1.709,0.026000000000000023,False,8.833092124405084e-08,8.833092124405084e-08,5.418257842393359e-09,5.418257842393359e-09,0.0,0.0,5.4168936003407e-09,1.0004593065104928e-07,0.0
22,1.733,0.02400000000000002,False,3.4423123906890396e-08,3.4423123906890396e-08,4.910702955385204e-10,4.910702955385204e-10,0.0,0.0,4.920650553685846e-10,7.555716829976689e-09,0.0
23,1.7730000000000001,0.040000000000000036,False,4.6711716095160227e-07,4.6711716095160227e-07,8.437552878604038e-10,8.437552878604038e-10,0.0,0.0,8.442100352112902e-10,1.4213924148798185e-08,0.0
24,1.795,0.021999999999999797,False,2.87652028418961e-07,2.87652028418961e-07,5.963443072687369e-10,5.963443072687369e-10,0.0,0.0,5.968274763290538e-10,1.0493890534313266e-08,0.0
25,1.818,0.02300000000000013,False,3.1469812711293343e-07,3.1469812711293343e-07,2.511910679459106e-10,2.511910679459106e-10,0.0,0.0,2.533226961531909e-10,4.367960271256521e-09,0.0
26,1.839,0.020999999999999908,False,2.6062127744808095e-07,2.6062127744808095e-07,0.0,0.0,0.0,0.0,0.0,5.715314332910282e-09,0.0
27,1.861,0.02200000000000002,False,2.876669213947025e-07,2.876669213947025e-07,0.0,0.0,0.0,0.0,0.0,5.7324958738225185e-09,0.0
28,1.883,0.02200000000000002,False,2.876669213947025e-07,2.876669213947025e-07,0.0,0.0,0.0,0.0,0.0,2.0678661873108073e-09,0.0
29,1.9120000000000001,0.029000000000000137,False,1.6964975202427013e-07,1.6964975202427013e-07,0.0,0.0,0.0,0.0,0.0,6.320680576155091e-10,0.0
30,1.946,0.03399999999999981,False,3.048777443837025e-07,3.048777443837025e-07,0.0,0.0,0.0,0.0,0.0,0.0,0.0
31,1.97,0.02400000000000002,False,3.4421645978000015e-08,3.4421645978000015e-08,0.0,0.0,0.0,0.0,0.0,0.0,0.0
32,1.995,0.025000000000000133,False,6.146728992462158e-08,6.146728992462158e-08,0.0,0.0,0.0,0.0,0.0,0.0,0.0
33,2.023,0.028000000000000025,False,1.4260410807764856e-07,1.4260410807764856e-07,0.0,0.0,0.0,0.0,0.0,0.0,0.0
34,2.05,0.02699999999999969,False,1.1555857781786472e-07,1.1555857781786472e-07,0.0,0.0,0.0,0.0,0.0,0.0,0.0
35,2.079,0.02900000000000036,False,1.696496383374324e-07,1.696496383374324e-07,0.0,0.0,0.0,0.0,0.0,0.0,0.0
36,2.115,0.03600000000000003,False,3.5896891859010793e-07,3.5896891859010793e-07,0.0,0.0,0.0,0.0,0.0,0.0,0.0
37,2.141,0.0259999999999998,False,8.851293387124315e-08,8.851293387124315e-08,0.0,0.0,0.0,0.0,0.0,0.0,0.0
38,2.169,0.028000000000000025,False,1.4260410807764856e-07,1.4260410807764856e-07,0.0,0.0,0.0,0.0,0.0,0.0,0.0
39,2.201,0.03200000000000003,False,2.507865701772971e-07,2.507865701772971e-07,0.0,0.0,0.0,0.0,0.0,0.0,0.0
40,2.228,0.027000000000000135,False,1.15558464131027e-07,1.15558464131027e-07,0.0,0.0,0.0,0.0,0.0,0.0,0.0
41,2.2600000000000002,0.03200000000000003,False,2.507865701772971e-07,2.507865701772971e-07,0.0,0.0,0.0,0.0,0.0,0.0,0.0
42,2.29,0.029999999999999805,False,1.966953959708917e-07,1.966953959708917e-07,0.0,0.0,0.0,0.0,0.0,0.0,0.0
43,2.324,0.03399999999999981,False,3.048777443837025e-07,3.048777443837025e-07,0.0,0.0,0.0,0.0,0.0,0.0,0.0
44,2.352,0.028000000000000025,False,1.4260410807764856e-07,1.4260410807764856e-07,0.0,0.0,0.0,0.0,0.0,0.0,0.0
45,2.3810000000000002,0.02900000000000036,False,1.696496383374324e-07,1.696496383374324e-07,0.0,0.0,0.0,0.0,0.0,0.0,0.0
46,2.41,0.028999999999999915,False,1.6964975202427013e-07,1.6964975202427013e-07,0.0,0.0,0.0,0.0,0.0,0.0,0.0
47,2.44,0.029999999999999805,False,1.966953959708917e-07,1.966953959708917e-07,0.0,0.0,0.0,0.0,0.0,0.0,0.0
48,2.47,0.03000000000000025,False,1.9669528228405397e-07,1.9669528228405397e-07,0.0,0.0,0.0,0.0,0.0,0.0,0.0
49,2.497,0.02699999999999969,False,1.1555857781786472e-07,1.1555857781786472e-07,0.0,0.0,0.0,0.0,0.0,0.0,0.0
50,2.523,0.026000000000000245,False,8.851282018440543e-08,8.851282018440543e-08,0.0,0.0,0.0,0.0,0.0,0.0,0.0
51,2.551,0.028000000000000025,False,1.4260410807764856e-07,1.4260410807764856e-07,0.0,0.0,0.0,0.0,0.0,0.0,0.0
52,2.579,0.028000000000000025,False,1.4260410807764856e-07,1.4260410807764856e-07,0.0,0.0,0.0,0.0,0.0,0.0,0.0
53,2.608,0.028999999999999915,False,1.6964975202427013e-07,1.6964975202427013e-07,0.0,0.0,0.0,0.0,0.0,0.0,0.0
54,2.636,0.028000000000000025,False,1.4260410807764856e-07,1.4260410807764856e-07,0.0,0.0,0.0,0.0,0.0,0.0,0.0
55,2.6630000000000003,0.027000000000000135,False,1.15558464131027e-07,1.15558464131027e-07,0.0,0.0,0.0,0.0,0.0,0.0,0.0
56,2.69,0.02699999999999969,False,1.1555857781786472e-07,1.1555857781786472e-07,0.0,0.0,0.0,0.0,0.0,0.0,0.0
57,2.719,0.028999999999999915,False,1.6964975202427013e-07,1.6964975202427013e-07,0.0,0.0,0.0,0.0,0.0,0.0,0.0
58,2.747,0.028000000000000025,False,1.4260410807764856e-07,1.4260410807764856e-07,0.0,0.0,0.0,0.0,0.0,0.0,0.0
59,2.7760000000000002,0.02900000000000036,False,1.696496383374324e-07,1.696496383374324e-07,0.0,0.0,0.0,0.0,0.0,0.0,0.0
60,2.811,0.0349999999999997,False,2.4586938707216177e-08,2.4586938707216177e-08,0.0,0.0,0.0,0.0,0.0,0.0,0.0
61,2.839,0.028000000000000025,False,1.4260410807764856e-07,1.4260410807764856e-07,0.0,0.0,0.0,0.0,0.0,0.0,0.0
62,2.864,0.02499999999999991,False,6.146728992462158e-08,6.146728992462158e-08,0.0,0.0,0.0,0.0,0.0,0.0,0.0
63,2.9050000000000002,0.04100000000000037,False,1.8686046132643241e-07,1.8686046132643241e-07,0.0,0.0,0.0,0.0,0.0,0.0,0.0
64,2.95,0.04499999999999993,False,2.950430371129187e-07,2.950430371129187e-07,0.0,0.0,0.0,0.0,0.0,0.0,0.0
65,2.974,0.02400000000000002,False,3.4421702821418876e-08,3.4421702821418876e-08,0.0,0.0,0.0,0.0,0.0,0.0,0.0
66,2.996,0.021999999999999797,False,2.876669782381214e-07,2.876669782381214e-07,0.0,0.0,0.0,0.0,0.0,0.0,0.0
67,3.02,0.02400000000000002,False,3.4421702821418876e-08,3.4421702821418876e-08,0.0,0.0,0.0,0.0,0.0,0.0,0.0
68,3.047,0.027000000000000135,False,1.15558464131027e-07,1.15558464131027e-07,0.0,0.0,0.0,0.0,0.0,0.0,0.0
69,3.08,0.03299999999999992,False,2.9504292342608096e-08,2.9504292342608096e-08,0.0,0.0,0.0,0.0,0.0,0.0,0.0
70,3.113,0.03299999999999992,False,2.9504292342608096e-08,2.9504292342608096e-08,0.0,0.0,0.0,0.0,0.0,0.0,0.0
71,3.141,0.028000000000000025,False,1.4260410807764856e-07,1.4260410807764856e-07,0.0,0.0,0.0,0.0,0.0,0.0,0.0
72,3.172,0.03100000000000014,False,2.2374092623067554e-07,2.2374092623067554e-07,2.842170943040401e-14,2.842170943040401e-14,0.0,0.0,0.0,0.0,0.0
73,3.202,0.029999999999999805,False,1.9669533912747283e-07,1.9669533912747283e-07,0.0,0.0,0.0,0.0,0.0,0.0,0.0
74,3.237,0.03500000000000014,False,2.4586881863797316e-08,2.4586881863797316e-08,0.0,0.0,0.0,0.0,0.0,0.0,0.0
75,3.273,0.03600000000000003,False,3.589689754335268e-07,3.589689754335268e-07,0.0,0.0,0.0,0.0,0.0,0.0,0.0
76,3.2960000000000003,0.02300000000000013,False,3.147125084979052e-07,3.147125084979052e-07,0.0,0.0,0.0,0.0,0.0,0.0,0.0
77,3.323,0.02699999999999969,False,1.1555857781786472e-07,1.1555857781786472e-07,0.0,0.0,0.0,0.0,0.0,0.0,0.0
78,3.351,0.028000000000000025,False,1.4260410807764856e-07,1.4260410807764856e-07,0.0,0.0,0.0,0.0,0.0,0.0,0.0
79,3.379,0.028000000000000025,False,1.4260410807764856e-07,1.4260410807764856e-07,0.0,0.0,0.0,0.0,0.0,0.0,0.0
80,3.407,0.028000000000000025,False,1.4260410807764856e-07,1.4260410807764856e-07,0.0,0.0,0.0,0.0,0.0,0.0,0.0
81,3.435,0.028000000000000025,False,1.4260410807764856e-07,1.4260410807764856e-07,0.0,0.0,0.0,0.0,0.0,0.0,0.0
82,3.461,0.0259999999999998,False,8.851293387124315e-08,8.851293387124315e-08,0.0,0.0,0.0,0.0,0.0,0.0,0.0
83,3.489,0.028000000000000025,False,1.4260410807764856e-07,1.4260410807764856e-07,0.0,0.0,0.0,0.0,0.0,0.0,0.0
84,3.517,0.028000000000000025,False,1.4260410807764856e-07,1.4260410807764856e-07,0.0,0.0,0.0,0.0,0.0,0.0,0.0
85,3.544,0.027000000000000135,False,1.15558464131027e-07,1.15558464131027e-07,0.0,0.0,0.0,0.0,0.0,0.0,0.0
86,3.572,0.028000000000000025,False,1.4260410807764856e-07,1.4260410807764856e-07,0.0,0.0,0.0,0.0,0.0,0.0,0.0
87,3.598,0.0259999999999998,False,8.851293387124315e-08,8.851293387124315e-08,0.0,0.0,0.0,0.0,0.0,0.0,0.0
88,3.628,0.03000000000000025,False,1.9669528228405397e-07,1.9669528228405397e-07,0.0,0.0,0.0,0.0,0.0,0.0,0.0
89,3.6590000000000003,0.03100000000000014,False,2.2374092623067554e-07,2.2374092623067554e-07,2.842170943040401e-14,2.842170943040401e-14,0.0,0.0,0.0,0.0,0.0
90,3.682,0.022999999999999687,False,3.147125653413241e-07,3.147125653413241e-07,0.0,0.0,0.0,0.0,0.0,0.0,0.0
91,3.7110000000000003,0.02900000000000036,False,1.696496383374324e-07,1.696496383374324e-07,0.0,0.0,0.0,0.0,0.0,0.0,0.0
92,3.74,0.028999999999999915,False,1.6964975202427013e-07,1.6964975202427013e-07,0.0,0.0,0.0,0.0,0.0,0.0,0.0
93,3.771,0.030999999999999694,False,2.237409830740944e-07,2.237409830740944e-07,2.842170943040401e-14,2.842170943040401e-14,0.0,0.0,0.0,0.0,0.0
94,3.801,0.03000000000000025,False,1.9669528228405397e-07,1.9669528228405397e-07,0.0,0.0,0.0,0.0,0.0,0.0,0.0
95,3.8280000000000003,0.027000000000000135,False,1.15558464131027e-07,1.15558464131027e-07,0.0,0.0,0.0,0.0,0.0,0.0,0.0
96,3.858,0.029999999999999805,False,1.9669533912747283e-07,1.9669533912747283e-07,0.0,0.0,0.0,0.0,0.0,0.0,0.0
97,3.89,0.03200000000000003,False,2.5078651333387825e-07,2.5078651333387825e-07,0.0,0.0,0.0,0.0,0.0,0.0,0.0
98,3.9170000000000003,0.027000000000000135,False,1.15558464131027e-07,1.15558464131027e-07,0.0,0.0,0.0,0.0,0.0,0.0,0.0
99,3.9450000000000003,0.028000000000000025,False,1.4260410807764856e-07,1.4260410807764856e-07,0.0,0.0,0.0,0.0,0.0,0.0,0.0
100,3.977,0.031999999999999584,False,2.5078662702071597e-07,2.5078662702071597e-07,0.0,0.0,0.0,0.0,0.0,0.0,0.0
101,4.01,0.03299999999999992,False,2.9504292342608096e-08,2.9504292342608096e-08,0.0,0.0,0.0,0.0,0.0,0.0,0.0
102,4.041,0.031000000000000583,False,2.2374081254383782e-07,2.2374081254383782e-07,2.842170943040401e-14,2.842170943040401e-14,0.0,0.0,0.0,0.0,0.0
103,4.073,0.03200000000000003,False,2.5078651333387825e-07,2.5078651333387825e-07,0.0,0.0,0.0,0.0,0.0,0.0,0.0
104,4.106,0.032999999999999474,False,2.9504235499189235e-08,2.9504235499189235e-08,0.0,0.0,0.0,0.0,0.0,0.0,0.0
105,4.13,0.02400000000000002,False,3.4421702821418876e-08,3.4421702821418876e-08,0.0,0.0,0.0,0.0,0.0,0.0,0.0
106,4.1610000000000005,0.031000000000000583,False,2.2374081254383782e-07,2.2374081254383782e-07,2.842170943040401e-14,2.842170943040401e-14,0.0,0.0,0.0,0.0,0.0
107,4.187,0.0259999999999998,False,8.851293387124315e-08,8.851293387124315e-08,0.0,0.0,0.0,0.0,0.0,0.0,0.0
108,4.214,0.027000000000000135,False,1.15558464131027e-07,1.15558464131027e-07,0.0,0.0,0.0,0.0,0.0,0.0,0.0
109,4.242,0.02799999999999958,False,1.4260416492106742e-07,1.4260416492106742e-07,0.0,0.0,0.0,0.0,0.0,0.0,0.0
110,4.271,0.028999999999999915,False,1.6964975202427013e-07,1.6964975202427013e-07,0.0,0.0,0.0,0.0,0.0,0.0,0.0
111,4.3,0.028999999999999915,False,1.6964975202427013e-07,1.6964975202427013e-07,0.0,0.0,0.0,0.0,0.0,0.0,0.0
112,4.327,0.027000000000000135,False,1.15558464131027e-07,1.15558464131027e-07,0.0,0.0,0.0,0.0,0.0,0.0,0.0
113,4.356,0.028999999999999915,False,1.6964975202427013e-07,1.6964975202427013e-07,0.0,0.0,0.0,0.0,0.0,0.0,0.0
114,4.384,0.02800000000000047,False,1.426040512342297e-07,1.426040512342297e-07,0.0,0.0,0.0,0.0,0.0,0.0,0.0
115,4.412,0.02799999999999958,False,1.4260416492106742e-07,1.4260416492106742e-07,0.0,0.0,0.0,0.0,0.0,0.0,0.0
116,4.4430000000000005,0.031000000000000583,False,2.2374081254383782e-07,2.2374081254383782e-07,2.842170943040401e-14,2.842170943040401e-14,0.0,0.0,0.0,0.0,0.0
117,4.469,0.0259999999999998,False,8.851293387124315e-08,8.851293387124315e-08,0.0,0.0,0.0,0.0,0.0,0.0,0.0
118,4.497,0.02799999999999958,True,0.4209347326281212,0.42093473258671565,15.033387935643361,15.033387935643361,0.0,0.0,0.0,0.0,0.0
