transition_sequence,end_simulation_time_s,dt_s,collision_this_step,perturbation_phase,position_error_cm,planar_position_error_cm,velocity_error_cm_s,planar_velocity_error_cm_s,yaw_error_deg,angular_velocity_yaw_error_deg_s,spring_velocity_error_cm_s,spring_acceleration_error_cm_s2,intermediate_velocity_error_cm_s
0,1.055,0.02499999999999991,False,no_event,7.558014658570755e-09,7.558014658570755e-09,2.8553733266711845e-07,2.8553733266711845e-07,0.0,0.0,2.855382135180662e-07,1.974582914954226e-06,1.862645593320167e-07
1,1.08,0.025000000000000133,False,no_event,1.436467300663935e-08,1.436467300663935e-08,5.086223291428382e-07,5.086223291428382e-07,0.0,0.0,5.086220404848518e-07,1.2858831155426742e-06,1.862644474215358e-07
2,1.109,0.028999999999999915,False,no_event,7.075561825331533e-08,7.075561825331533e-08,2.042810930191763e-06,2.042810930191763e-06,0.0,0.0,2.0428118538973195e-06,7.774245432301541e-06,5.140901038203083e-07
3,1.135,0.026000000000000023,False,no_event,5.228162081039045e-08,5.228162081039045e-08,2.4091401868986395e-06,2.4091401868986395e-06,0.0,0.0,2.40914053506458e-06,3.224971425197509e-05,2.682208872784031e-07
4,1.162,0.026999999999999913,False,no_event,8.494282610627124e-08,8.494282610627124e-08,2.385730901721672e-06,2.385730901721672e-06,0.0,0.0,2.3857304682906033e-06,1.5043689415961126e-05,3.5017733068798407e-07
5,1.188,0.026000000000000023,False,no_event,5.1989218263770454e-08,5.1989218263770454e-08,2.825111437232408e-06,2.825111437232408e-06,0.0,0.0,2.8251110890664677e-06,3.887777796762748e-05,2.682208872784031e-07
6,1.215,0.027000000000000135,False,no_event,1.0772521363833221e-07,1.0772521363833221e-07,2.6423891341664785e-06,2.6423891341664785e-06,0.0,0.0,2.642387102014254e-06,1.8643924931893707e-05,3.5017721700114635e-07
7,1.241,0.026000000000000023,False,no_event,4.394098596094409e-08,4.394098596094409e-08,3.009141543941496e-06,3.009141543941496e-06,0.0,0.0,3.009140471021965e-06,4.1972303506554454e-05,2.682208872784031e-07
8,1.268,0.026999999999999913,False,no_event,1.281309778278228e-07,1.281309778278228e-07,2.7541280616105723e-06,2.7541280616105723e-06,0.0,0.0,2.7541267684227932e-06,2.0347556528577115e-05,3.5017733068798407e-07
9,1.293,0.02499999999999991,False,no_event,5.960362159385113e-08,5.960362159385113e-08,1.0606161708892614e-06,1.0606161708892614e-06,0.0,0.0,1.0606182456740498e-06,4.189249693808961e-06,1.8626457176651456e-07
10,1.318,0.025000000000000133,False,no_event,6.43432258584653e-08,6.43432258584653e-08,1.068948563442973e-06,1.068948563442973e-06,0.0,0.0,1.0689483502801522e-06,4.256312820416497e-06,1.8626445807967684e-07
11,1.345,0.026999999999999913,False,no_event,1.5615080428688088e-07,1.5615080428688088e-07,2.81831547965794e-06,2.81831547965794e-06,0.0,0.0,2.818316389152642e-06,2.124950930237901e-05,3.501773448988388e-07
12,1.371,0.026000000000000023,False,no_event,4.5550905269919895e-09,4.5550905269919895e-09,2.7886870270776853e-06,2.7886870270776853e-06,0.0,0.0,2.7886868281257193e-06,3.8603994255481666e-05,0.0
13,1.3960000000000001,0.025000000000000133,False,no_event,6.843379196652677e-08,6.843379196652677e-08,6.963227008327522e-07,6.963227008327522e-07,0.0,0.0,6.96320711313092e-07,6.088890813771286e-06,0.0
14,1.421,0.02499999999999991,False,no_event,6.650543582509272e-08,6.650543582509272e-08,4.980653613984032e-07,4.980653613984032e-07,0.0,0.0,4.980653045549843e-07,5.2070297442696756e-06,0.0
15,1.447,0.026000000000000023,False,no_event,5.580773176916409e-08,5.580773176916409e-08,9.76790516915571e-07,9.76790516915571e-07,0.0,0.0,9.767900053248013e-07,1.5779321842046556e-05,0.0
16,1.472,0.02499999999999991,False,no_event,6.388211204466643e-08,6.388211204466643e-08,2.3531629267381504e-07,2.3531629267381504e-07,0.0,0.0,2.3531654846919992e-07,2.991599473034512e-06,0.0
17,1.498,0.026000000000000023,False,no_event,7.372955224127509e-08,7.372955224127509e-08,4.410465237469907e-07,4.410465237469907e-07,0.0,0.0,4.4104450580562116e-07,7.466036095138406e-06,0.0
18,1.5250000000000001,0.027000000000000135,False,no_event,1.1997701676591532e-07,1.1997701676591532e-07,2.672418588645087e-07,2.672418588645087e-07,0.0,0.0,2.6724089252638805e-07,4.1168884052922294e-06,0.0
19,1.551,0.0259999999999998,False,no_event,8.231461379182292e-08,8.231461379182292e-08,1.8478243646313786e-07,1.8478243646313786e-07,0.0,0.0,1.8478093011253804e-07,3.226153367563711e-06,0.0
20,1.576,0.025000000000000133,False,no_event,6.192135515448172e-08,6.192135515448172e-08,4.3596600107775885e-08,4.3596600107775885e-08,0.0,0.0,4.359836225376057e-08,6.576690587678513e-07,0.0
21,1.603,0.026999999999999913,False,no_event,1.1676127087412169e-07,1.1676127087412169e-07,7.24793665085599e-08,7.24793665085599e-08,0.0,0.0,7.248146971505776e-08,1.1915282307484176e-06,0.0
22,1.629,0.026000000000000023,False,no_event,8.687732133694226e-08,8.687732133694226e-08,4.872319436799444e-08,4.872319436799444e-08,0.0,0.0,4.872481440543197e-08,8.758190048752112e-07,0.0
23,1.6540000000000001,0.025000000000000133,False,no_event,6.1586774791067e-08,6.1586774791067e-08,1.1401226629459416e-08,1.1401226629459416e-08,0.0,0.0,1.1400970834074542e-08,1.8297535575584334e-07,0.0
24,1.679,0.02499999999999991,False,no_event,6.154436960059684e-08,6.154436960059684e-08,7.350280384343932e-09,7.350280384343932e-09,0.0,0.0,7.35079197511368e-09,1.196919434676147e-07,0.0
25,1.705,0.026000000000000023,False,no_event,8.808410711935721e-08,8.808410711935721e-08,1.2768282431352418e-08,1.2768282431352418e-08,0.0,0.0,1.2767571888616658e-08,2.3376208702075019e-07,0.0
26,1.732,0.026999999999999913,False,no_event,1.1568397439987166e-07,1.1568397439987166e-07,7.53865947444865e-09,7.53865947444865e-09,0.0,0.0,7.539711077697575e-09,1.3122736852722028e-07,0.0
27,1.7590000000000001,0.027000000000000135,False,no_event,1.1563577118067769e-07,1.1563577118067769e-07,4.642572548618773e-09,4.642572548618773e-09,0.0,0.0,4.643425199901685e-09,8.146523966523489e-08,0.0
28,1.7830000000000001,0.02400000000000002,False,no_event,3.4423010220052674e-08,3.4423010220052674e-08,4.412754606164526e-10,4.412754606164526e-10,0.0,0.0,4.3996806198265404e-10,6.7779214463215e-09,0.0
29,1.809,0.0259999999999998,False,no_event,8.844722287904005e-08,8.844722287904005e-08,1.9574315501813544e-09,1.9574315501813544e-09,0.0,0.0,1.9559820430004038e-09,3.6421808791153865e-08,0.0
30,1.837,0.028000000000000025,False,no_event,1.4261672731663566e-07,1.4261672731663566e-07,9.638938536227215e-10,9.638938536227215e-10,0.0,0.0,9.647465049056336e-10,1.7151048914421096e-08,0.0
31,1.864,0.027000000000000135,False,no_event,0.052315143558303134,0.052315143558303134,1.937602117448364,1.937602117448364,0.0,0.0,1.9376021174490177,118.95708509391568,18.900000700354525
32,1.889,0.02499999999999991,False,no_event,3.1725903681945056e-08,3.1725903681945056e-08,1.043818770085636e-06,1.043818770085636e-06,0.0,0.0,1.0438173490001645e-06,2.323495834843925e-06,3.725291151113197e-07
33,1.9180000000000001,0.029000000000000137,False,no_event,2.528793174860766e-08,2.528793174860766e-08,4.138160306865757e-06,4.138160306865757e-06,0.0,0.0,4.138161784794647e-06,1.622976458293124e-05,1.0281799802669411e-06
34,1.944,0.0259999999999998,False,no_event,1.931580300151836e-07,1.931580300151836e-07,4.852761193774313e-06,4.852761193774313e-06,0.0,0.0,4.852761449569698e-06,6.506376269044267e-05,5.364420019304816e-07
35,1.972,0.028000000000000025,False,no_event,2.2744416128261946e-08,2.2744416128261946e-08,4.016675006823789e-06,4.016675006823789e-06,0.0,0.0,4.016675958951055e-06,1.9792391071860038e-05,8.642673243741683e-07
36,2.0,0.028000000000000025,False,no_event,5.016909199184738e-08,5.016909199184738e-08,4.271039060199655e-06,4.271039060199655e-06,0.0,0.0,4.271040367598289e-06,2.340789092158957e-05,8.642673243741683e-07
37,2.028,0.028000000000000025,False,no_event,3.8261305235209875e-08,3.8261305235209875e-08,3.1579694024230776e-06,3.1579694024230776e-06,0.0,0.0,3.157970006384403e-06,3.023780493549566e-05,4.440892098500626e-16
38,2.054,0.0259999999999998,False,no_event,9.93853745967499e-08,9.93853745967499e-08,2.9720156646817486e-06,2.9720156646817486e-06,0.0,0.0,2.972016446278758e-06,4.5368836936177104e-05,0.0
39,2.08,0.026000000000000245,False,no_event,6.849688816146227e-08,6.849688816146227e-08,2.0464669816533387e-06,2.0464669816533387e-06,0.0,0.0,2.0464659087338077e-06,3.256277136642893e-05,0.0
40,2.106,0.0259999999999998,False,no_event,4.6318405111378524e-08,4.6318405111378524e-08,1.382887194978366e-06,1.382887194978366e-06,0.0,0.0,1.3828886729072565e-06,2.2683241809318133e-05,0.0
41,2.1310000000000002,0.025000000000000355,False,no_event,3.4148115446441807e-09,3.4148115446441807e-09,3.3184222125726137e-07,3.3184222125726137e-07,0.0,0.0,3.318421768483404e-07,4.366104377595548e-06,0.0
42,2.1550000000000002,0.02400000000000002,False,no_event,2.4363089323742315e-10,2.4363089323742315e-10,8.778825666411194e-08,8.778825666411194e-08,0.0,0.0,8.778699900346965e-08,9.239509779490618e-07,0.0
43,2.181,0.0259999999999998,False,no_event,1.3939256859885063e-08,1.3939256859885063e-08,4.1562976971221133e-07,4.1562976971221133e-07,0.0,0.0,4.1563159314250697e-07,7.20226404382629e-06,0.0
44,2.207,0.0259999999999998,False,no_event,9.030145520227961e-09,9.030145520227961e-09,2.6917055784281274e-07,2.6917055784281274e-07,0.0,0.0,2.6916953022038115e-07,4.723194599876024e-06,0.0
45,2.233,0.026000000000000245,False,no_event,5.810306902276352e-09,5.810306902276352e-09,1.73150066729022e-07,1.73150066729022e-07,0.0,0.0,1.7314908529186823e-07,3.0704461551067652e-06,0.0
46,2.257,0.02400000000000002,False,no_event,2.964952727779746e-09,2.964952727779746e-09,1.2882359190502513e-07,1.2882359190502513e-07,16.26558375338147,677.7326561042671,1.2882390088009288e-07,1.932517932345945e-06,1.0430811769879256e-07
47,2.283,0.0259999999999998,False,no_event,3.89793513022596e-08,3.89793513022596e-08,1.569150322122681e-06,1.569150322122681e-06,4.6653770422879215e-07,2.4787558800198894e-05,1.5691522357030863e-06,2.0174525587890457e-05,2.682210009652408e-07
48,2.308,0.02499999999999991,False,no_event,2.0895640773233026e-08,2.0895640773233026e-08,6.97339674005093e-07,6.97339674005093e-07,6.149041681208274e-07,2.890462883442524e-05,6.973407202792714e-07,1.5230847338898457e-07,1.8626455755565985e-07
49,2.333,0.025000000000000355,False,no_event,2.675244559213752e-08,2.675244559213752e-08,8.174112942072043e-07,8.174112942072043e-07,6.916329379228262e-07,3.2245428315036406e-05,8.174092229751295e-07,1.1840207321256457e-06,1.8626433728741176e-07
50,2.358,0.02499999999999991,False,no_event,3.2278876460622996e-08,3.2278876460622996e-08,9.034691927922722e-07,9.034691927922722e-07,0.7378845578858394,29.515386330957767,9.034681482944507e-07,2.0743511868204223e-06,1.8626455755565985e-07
51,2.383,0.02499999999999991,False,no_event,3.7549284570559394e-08,3.7549284570559394e-08,9.636952142955124e-07,9.636952142955124e-07,0.41677253676815174,16.670904975158123,9.636938500534598e-07,2.77487202993143e-06,1.8626455755565985e-07
52,2.408,0.02499999999999991,False,no_event,4.263051778252702e-08,4.263051778252702e-08,1.0050926064764099e-06,1.0050926064764099e-06,0.07970428014645743,3.1881742469410597,1.0050932601757268e-06,3.2971357200040075e-06,1.8626455755565985e-07
53,2.433,0.02499999999999991,False,no_event,4.7576349970768206e-08,4.7576349970768206e-08,1.033159463759148e-06,1.033159463759148e-06,0.001502366666847257,0.06009731236980542,1.0331581989930783e-06,3.672980767532863e-06,1.8626455755565985e-07
54,2.462,0.02900000000000036,False,no_event,1.6352794318663655e-07,1.6352794318663655e-07,3.0782530444639633e-06,3.0782530444639633e-06,8.744370230172512e-07,3.951861719997396e-05,3.078251268107124e-06,2.1265377768031613e-05,5.140898764466328e-07
55,2.488,0.0259999999999998,False,no_event,3.477089194348082e-08,3.477089194348082e-08,3.0875537788688234e-06,3.0875537788688234e-06,6.101295194330144e-07,2.7164496998466348e-05,3.0875518888251463e-06,4.337076131832873e-05,2.682210009652408e-07
56,2.5180000000000002,0.03000000000000025,False,no_event,1.5620685189787764e-07,1.5620685189787764e-07,1.2450404227593026e-06,1.2450404227593026e-06,2.413712261098933e-07,1.632340115520492e-05,1.2450422843812703e-06,2.8298563847783953e-07,5.960463340670685e-07
57,2.549,0.030999999999999694,False,no_event,1.1490919860079885e-07,1.1490919860079885e-07,1.2907301396580806e-06,1.2907301396580806e-06,5.148805069430407e-07,2.4580020806297398e-05,1.2907306370379956e-06,2.3224546737310447e-05,0.0
58,2.577,0.028000000000000025,False,no_event,1.4652152913186e-07,1.4652152913186e-07,1.3717733082785344e-06,1.3717733082785344e-06,6.056529268855106e-08,6.618906695621263e-06,1.3717740046104154e-06,1.5284847449947847e-05,0.0
59,2.603,0.026000000000000245,False,no_event,3.889840627380181e-08,3.889840627380181e-08,1.242074318952291e-06,1.242074318952291e-06,3.424425111108792e-07,1.5232970497436327e-05,1.2420763368936605e-06,1.9648049118359268e-05,0.0
60,2.628,0.02499999999999991,False,no_event,5.8954583437298425e-08,5.8954583437298425e-08,3.0080846613600443e-07,3.0080846613600443e-07,1.9321963834309436e-07,8.687101569648803e-06,3.0081065460763057e-07,3.645530767926175e-06,0.0
61,2.656,0.028000000000000025,False,no_event,1.3518217656383058e-07,1.3518217656383058e-07,4.368445729596715e-07,4.368445729596715e-07,4.032093491884852e-08,4.473978179930782e-06,4.3684451611625263e-07,6.233591136606265e-06,0.0
62,2.6830000000000003,0.027000000000000135,False,no_event,1.1060569704568479e-07,1.1060569704568479e-07,3.3613238770158205e-07,3.3613238770158205e-07,2.5800812242656758e-08,1.0570956163746814e-06,3.361321603279066e-07,5.091669592616199e-06,0.0
63,2.709,0.0259999999999998,False,no_event,7.261769496835768e-08,7.261769496835768e-08,2.3402265014738077e-07,2.3402265014738077e-07,2.0538905122087262e-07,9.13401807167702e-06,2.340214564355847e-07,4.056871212299029e-06,0.0
64,2.736,0.027000000000000135,False,no_event,1.0738483524619369e-07,1.0738483524619369e-07,1.407355796345655e-07,1.407355796345655e-07,2.039061239617496e-08,8.11107256026844e-07,1.4073739862396906e-07,2.249606119164582e-06,0.0
65,2.763,0.02699999999999969,False,no_event,1.0653309345798334e-07,1.0653309345798334e-07,8.922421557144844e-08,8.922421557144844e-08,1.811613413236677e-08,7.099894503426185e-07,8.922316396819951e-08,1.4551092135661747e-06,0.0
66,2.789,0.026000000000000245,False,no_event,7.84457370173186e-08,7.84457370173186e-08,6.01957879098336e-08,6.01957879098336e-08,1.4134893893172903e-07,6.285729938326767e-06,6.019533316248271e-08,1.0779877310795882e-06,0.0
67,2.814,0.02499999999999991,False,no_event,5.602703367912909e-08,5.602703367912909e-08,1.4100322687227163e-08,1.4100322687227163e-08,8.026374005272721e-08,3.60603549154348e-06,1.410015215697058e-08,2.2452429071506685e-07,0.0
68,2.839,0.02499999999999991,False,no_event,5.597485142061487e-08,5.597485142061487e-08,9.10668518372404e-09,9.10668518372404e-09,7.161441242976806e-08,3.2173051351946924e-06,9.10819153432385e-09,1.472969763938181e-07,0.0
69,2.866,0.027000000000000135,False,no_event,1.0530072813708102e-07,1.0530072813708102e-07,1.4882289178785868e-08,1.4882289178785868e-08,1.2686723735608934e-08,4.327044891283549e-07,1.4880384924254031e-08,2.5561380567751257e-07,0.0
70,2.89,0.02400000000000002,False,no_event,3.1296622182708234e-08,3.1296622182708234e-08,1.4227055089577334e-09,1.4227055089577334e-09,4.2182806184939816e-08,1.7593328678344733e-06,1.4207444110070355e-09,2.0971352654441944e-08,0.0
71,2.9170000000000003,0.027000000000000135,False,no_event,1.0515293524804292e-07,1.0515293524804292e-07,5.992205842630938e-09,5.992205842630938e-09,9.353756873809686e-09,3.407625968065986e-07,5.992660589981824e-09,1.0470730860134836e-07,0.0
72,2.943,0.0259999999999998,False,no_event,8.03348711997387e-08,8.03348711997387e-08,3.9130156892497325e-09,3.9130156892497325e-09,6.985704146829094e-08,3.1412057310831187e-06,3.913470436600619e-09,7.247888333949959e-08,0.0
73,2.968,0.02499999999999991,False,no_event,5.5888904171297327e-08,5.5888904171297327e-08,9.070504347619135e-10,9.070504347619135e-10,4.0275821931246646e-08,1.8091412812282215e-06,9.075904472410912e-10,1.5508418327314644e-08,0.0
74,2.993,0.02499999999999991,False,no_event,5.588549356616568e-08,5.588549356616568e-08,5.766196409240365e-10,5.766196409240365e-10,3.5476721139042524e-08,1.6219526308702825e-06,5.760796284448588e-10,9.917903665002115e-09,0.0
75,3.019,0.026000000000000245,False,no_event,8.04332103143679e-08,8.04332103143679e-08,9.819132174015976e-10,9.819132174015976e-10,5.0130223556356136e-08,2.2546620073171653e-06,9.798668543226086e-10,1.8330488738005357e-08,0.0
76,3.044,0.02499999999999991,False,no_event,5.587935447692871e-08,5.587935447692871e-08,0.0,0.0,2.8443624183015877e-08,1.3006167627338527e-06,0.0,3.952661087325282e-09,0.0
77,3.069,0.02499999999999991,False,no_event,0.03941581212689016,0.03941581212689016,1.576634686724418,1.576634686724418,0.0756784211473004,3.027136696068297,1.5766346867263223,106.15577387849916,17.50000037252906
78,3.095,0.026000000000000245,False,no_event,1.543274947835016e-07,1.543274947835016e-07,3.032399916946815e-06,3.032399916946815e-06,2.9675160400116e-08,1.4187739374449393e-06,3.032401565405962e-06,3.8314408186579385e-05,5.364415613939855e-07
79,3.119,0.02400000000000002,False,no_event,1.4067722986510489e-08,1.4067722986510489e-08,5.444574355806253e-07,5.444574355806253e-07,1.0171770093444651e-08,4.1822031349170175e-07,5.444568387247273e-07,5.267677238407487e-06,2.0861622829215776e-07
80,3.146,0.02699999999999969,False,no_event,3.5531002140487544e-08,3.5531002140487544e-08,4.266987147616419e-06,4.266987147616419e-06,3.907797414933258e-08,1.784612315702816e-06,4.2669865223388115e-06,2.318040390036913e-05,7.003548887496436e-07
81,3.169,0.02300000000000013,False,no_event,1.6612091258139117e-07,1.6612091258139117e-07,8.525202588316461e-07,8.525202588316461e-07,6.318820707882294e-09,1.5601432217238198e-06,8.525197046083122e-07,2.5827783133536286e-05,1.9073485013620939e-06
82,3.197,0.028000000000000025,False,no_event,4.712580903287744e-08,4.712580903287744e-08,3.99727586852805e-06,3.99727586852805e-06,3.293810417004815e-08,1.5221684357413778e-06,3.997274021116937e-06,2.7545173111320764e-05,0.0
83,3.224,0.027000000000000135,False,no_event,5.770198185928166e-08,5.770198185928166e-08,3.5525688630855257e-06,3.5525688630855257e-06,2.7079039002480767e-08,1.2308046297704323e-06,3.5525668735658655e-06,3.6910987091687275e-05,0.0
84,3.253,0.028999999999999915,False,no_event,4.0995132621901575e-08,4.0995132621901575e-08,2.7287024266797744e-06,2.7287024266797744e-06,1.6834981262235814e-08,8.825709052473485e-07,2.728702497734048e-06,3.302009724848176e-05,0.0
85,3.2800000000000002,0.027000000000000135,False,no_event,2.7318378670315724e-08,2.7318378670315724e-08,1.66454589134446e-06,1.66454589134446e-06,1.950888630516092e-08,8.911739595163226e-07,1.6645460760855713e-06,2.215126778537524e-05,0.0
86,3.3080000000000003,0.028000000000000025,False,no_event,1.1712927516782656e-08,1.1712927516782656e-08,9.268970480036387e-07,9.268970480036387e-07,1.7639381707834116e-08,8.063745617903351e-07,9.268966323361383e-07,1.2846199410887493e-05,0.0
87,3.337,0.028999999999999915,False,no_event,1.202693056256976e-08,1.202693056256976e-08,7.850072432091793e-07,7.850072432091793e-07,1.027573606487233e-08,5.310410404746335e-07,7.850073391324486e-07,1.168285928088153e-05,0.0
88,3.363,0.0259999999999998,False,no_event,1.6381704881496262e-08,1.6381704881496262e-08,4.885372533180998e-07,4.885372533180998e-07,7.999095023880744e-09,3.755827036044934e-07,4.885377746788322e-07,8.408674887050438e-06,0.0
89,3.391,0.028000000000000025,False,no_event,3.164814188494347e-09,3.164814188494347e-09,2.4630968464833813e-07,2.4630968464833813e-07,1.0419420803162125e-08,4.7572920269800534e-07,2.463114547879286e-07,3.843918747747921e-06,0.0
90,3.4210000000000003,0.03000000000000025,False,no_event,5.546780812437646e-10,5.546780812437646e-10,8.500713155612516e-08,8.500713155612516e-08,1.1713270447581484e-08,5.08908899021776e-07,8.500548975831634e-08,1.2825899418089648e-06,0.0
91,3.447,0.0259999999999998,False,no_event,3.975287654611748e-09,3.975287654611748e-09,1.1844479774758554e-07,1.1844479774758554e-07,4.627198172780383e-09,2.171254078753293e-07,1.1844283731576866e-07,2.114989563040126e-06,0.0
92,3.475,0.028000000000000025,False,no_event,2.047975122217827e-08,2.047975122217827e-08,6.863990354443912e-07,6.863990354443912e-07,3.786393317651136,135.22833411110815,6.863989645530308e-07,2.3678748536199866e-06,4.3213366218708416e-07
93,3.505,0.029999999999999805,False,no_event,2.681983399713207e-08,2.681983399713207e-08,6.419769029645466e-07,6.419769029645466e-07,0.013220884645162263,0.44069935588601084,6.419769374279459e-07,6.007011214935823e-06,5.960465472298893e-07
94,3.529,0.02400000000000002,False,no_event,9.375830232493836e-09,9.375830232493836e-09,2.8427246192928024e-07,2.8427246192928024e-07,7.813157252758642e-08,3.4013380343367317e-06,2.842724570409389e-07,2.5086065053100515e-06,1.0430811414607888e-07
95,3.555,0.026000000000000245,False,no_event,5.236746793639697e-08,5.236746793639697e-08,2.435828561429148e-06,2.435828561429148e-06,2.3442896579556926e-07,1.0880717638883652e-05,2.4358285567278904e-06,3.259072249080298e-05,2.6822078069699273e-07
96,3.58,0.02499999999999991,False,no_event,3.3859241360390225e-08,3.3859241360390225e-08,9.12149314302634e-07,9.12149314302634e-07,1.5927256045033618e-07,7.464915341870437e-06,9.121493234361417e-07,2.204598263185638e-06,1.8626455755565985e-07
97,3.606,0.0259999999999998,False,no_event,5.2090122786750616e-08,5.2090122786750616e-08,2.8362674207599214e-06,2.8362674207599214e-06,2.812345682656103e-07,1.294525310413519e-05,2.836267421112546e-06,3.895950765472275e-05,2.682210009652408e-07
98,3.6310000000000002,0.025000000000000355,False,no_event,4.4349884511906016e-08,4.4349884511906016e-08,1.0090018474423863e-06,1.0090018474423863e-06,1.7736945858798947e-07,8.345505790430252e-06,1.0090018372084844e-06,3.3923640332161753e-06,1.8626434439283912e-07
99,3.656,0.02499999999999991,False,no_event,4.927706544080199e-08,4.927706544080199e-08,1.0353652162862991e-06,1.0353652162862991e-06,1.800975093938118e-07,8.468655948945525e-06,1.0353652156699615e-06,3.7274433960399884e-06,1.8626455755565985e-07
100,3.6830000000000003,0.027000000000000135,False,no_event,1.2756872309755167e-07,1.2756872309755167e-07,2.7630742751091858e-06,2.7630742751091858e-06,6.716430754165157e-08,4.231657442232972e-07,2.7630742889076383e-06,2.031662596286445e-05,3.5017721700114635e-07
101,3.709,0.0259999999999998,False,no_event,3.317406999672718e-08,3.317406999672718e-08,3.0960519302868814e-06,3.0960519302868814e-06,2.86431441948497e-07,1.3148062237178237e-05,3.0960519167402627e-06,4.342721458193348e-05,2.6822101517609553e-07
102,3.734,0.02499999999999991,False,no_event,6.175606165321807e-08,6.175606165321807e-08,9.785228806533578e-07,9.785228806533578e-07,1.7118872484215757e-07,8.065072194085587e-06,9.785228804190713e-07,5.657474381042491e-06,0.0
103,3.7600000000000002,0.026000000000000245,False,no_event,5.095012374502919e-09,5.095012374502919e-09,2.094994087024129e-06,2.094994087024129e-06,2.7084644412051377e-07,1.227160049666054e-05,2.0949940731703623e-06,3.090686766387253e-05,0.0
104,3.787,0.02699999999999969,False,no_event,1.1965124009699347e-07,1.1965124009699347e-07,1.3202074403425992e-06,1.3202074403425992e-06,5.001284836639141e-08,6.321158707578434e-07,1.32020748282541e-06,1.644097777628181e-05,0.0
105,3.81,0.02300000000000013,False,no_event,2.4552073087778733e-07,2.4552073087778733e-07,2.5638647812313426e-07,2.5638647812313426e-07,3.6449385649508965e-08,1.1543599100605206e-05,2.5638647769290425e-07,2.115241691223751e-06,0.0
106,3.839,0.028999999999999915,False,no_event,1.544990944150996e-07,1.544990944150996e-07,6.918625182886169e-07,6.918625182886169e-07,2.819957386119782e-07,1.3246010070133707e-05,6.918625470032516e-07,9.865748859395846e-06,0.0
107,3.863,0.02400000000000002,False,no_event,2.937804310931824e-08,2.937804310931824e-08,6.22791848844778e-08,6.22791848844778e-08,9.540244244780744e-08,4.276994928886779e-06,6.227924193172884e-08,6.213125548209612e-07,0.0
108,3.891,0.028000000000000025,False,no_event,1.2392999337945853e-07,1.2392999337945853e-07,2.2924024480277256e-07,2.2924024480277256e-07,1.5845599756363595e-08,3.198084883138108e-06,2.2924033006722634e-07,3.471099904029081e-06,0.0
109,3.92,0.028999999999999915,False,no_event,1.4686171567785588e-07,1.4686171567785588e-07,1.890944943213305e-07,1.890944943213305e-07,2.2893090630656672e-07,1.0788296336272651e-05,1.890944659754779e-07,2.995822835302912e-06,8.745863515364571e-20
110,3.9490000000000003,0.02900000000000036,False,no_event,1.4574396090001303e-07,1.4574396090001303e-07,1.1632616360851906e-07,1.1632616360851906e-07,2.107754859627745e-07,9.950267568115123e-06,1.1632607844821598e-07,1.8864145329163224e-06,0.0
111,3.974,0.02499999999999991,False,no_event,5.24210435060013e-08,5.24210435060013e-08,2.5562627841702445e-08,2.5562627841702445e-08,9.615290068600813e-08,4.653626206163608e-06,2.556262772696357e-08,3.9669141195998815e-07,0.0
112,4.001,0.027000000000000135,False,no_event,9.875067519260483e-08,9.875067519260483e-08,4.2204305994000343e-08,4.2204305994000343e-08,3.0349259881524105e-08,4.795189028072855e-07,4.2204249221383385e-08,7.061075844357172e-07,0.0
113,4.0280000000000005,0.027000000000000135,False,no_event,9.848773174780945e-08,9.848773174780945e-08,2.6354655493034995e-08,2.6354655493034995e-08,2.8220323799939683e-08,4.4788023956243705e-07,2.6354683905300762e-08,4.466829254621805e-07,1.1091868968217313e-20
114,4.057,0.028999999999999915,False,no_event,1.4422398209035237e-07,1.4422398209035237e-07,1.790931495363076e-08,1.790931495363076e-08,1.507745763413398e-07,7.186185229102193e-06,1.7909258163134302e-08,3.074195040679715e-07,0.0
115,4.081,0.02400000000000002,False,no_event,2.9210667662482592e-08,2.9210667662482592e-08,1.5106432928408222e-09,1.5106432928408222e-09,4.812240299704185e-08,2.2867941495974264e-06,1.5105854413022443e-09,2.2231976401754896e-08,0.0
116,4.109,0.02799999999999958,False,no_event,1.2106736591022127e-07,1.2106736591022127e-07,5.350699713795267e-09,5.350699713795267e-09,6.749137034065583e-09,1.7057686463317623e-06,5.350585775167383e-09,9.277559389379626e-08,0.0
117,4.1370000000000005,0.02800000000000047,False,no_event,1.2103966184895398e-07,1.2103966184895398e-07,3.2339642970744123e-09,3.2339642970744123e-09,1.1179827816406424e-08,1.5573074776398244e-06,3.2339357989026213e-09,5.654655370293725e-08,0.0
118,4.1610000000000005,0.02400000000000002,False,no_event,2.9207313900769805e-08,2.9207313900769805e-08,3.577440878222649e-10,3.577440878222649e-10,3.5651600757648113e-08,1.7580169213715635e-06,3.5797143164015855e-10,5.548319054081915e-09,0.0
119,4.192,0.030999999999999694,False,no_event,1.89794135962984e-07,1.89794135962984e-07,6.074872125605318e-10,6.074872125605318e-10,8.571956177555992e-08,4.4402871424154e-06,6.076561496725759e-10,1.182326501910659e-08,0.0
120,4.224,0.03200000000000003,False,no_event,2.1283506157487864e-07,2.1283506157487864e-07,1.9956875362637658e-09,1.9956875362637658e-09,1.1757101035535797e-07,5.328547217686719e-06,1.995459804273606e-09,3.6228257392195675e-08,0.0
121,4.292,0.06799999999999962,False,no_event,5.173683632619941e-07,5.173683632619941e-07,0.0,0.0,1.1998365191452893e-07,3.2156838152275213e-06,0.0,2.935660274565415e-09,0.0
122,4.311,0.019000000000000128,False,no_event,1.5165576883191534e-07,1.5165576883191534e-07,1.1300906521683154e-06,1.1300906521683154e-06,3.812158040437624,200.63988257327725,1.1300904816380353e-06,2.9057993657488623e-05,4.3216572294113575e-06
123,4.3950000000000005,0.08400000000000052,False,no_event,2.9346509222705208e-08,2.9346509222705208e-08,5.027871750940038e-06,5.027871750940038e-06,7.813858247010437e-07,3.2795570518828754e-05,5.0278717225182845e-06,0.00010149979368634376,1.001068102368663e-05
124,4.418,0.022999999999999687,False,no_event,8.018812991394952e-08,8.018812991394952e-08,9.177619375584299e-07,9.177619375584299e-07,0.8379641746204812,36.433266704391144,9.177619944011894e-07,1.0277550359205634e-05,1.3400056690926476e-06
125,4.468,0.04999999999999982,False,no_event,1.2990662412448728e-07,1.2990662412448728e-07,2.850390735886779e-06,2.850390735886779e-06,0.3242857018776088,6.485717087279966,2.850390771413913e-06,2.189657823237212e-05,3.7252912221674706e-07
126,4.517,0.04900000000000038,False,no_event,1.1267754018717824e-07,1.1267754018717824e-07,1.6259349706616452e-06,1.6259349706616452e-06,0.033086990449243105,0.6752585246622402,1.6259348427638542e-06,5.66414973945939e-06,1.2218950331543965e-06
127,4.595,0.0779999999999994,False,no_event,1.2403125992932473e-07,1.2403125992932473e-07,3.607678067400322e-07,3.607678067400322e-07,1.846197161843352e-06,2.6568970355356214e-05,3.6076783516136857e-07,1.607770929012986e-05,8.046630028957225e-07
128,4.616,0.020999999999999908,False,no_event,7.111550814897782e-08,7.111550814897782e-08,1.8342664702689807e-06,1.8342664702689807e-06,8.653602288451033e-08,1.7860459905705284e-05,1.8342661860515364e-06,3.411691852761578e-05,7.897615859064899e-07
129,4.638,0.02200000000000024,False,no_event,1.6111026468479395e-07,1.6111026468479395e-07,1.0511578665276916e-06,1.0511578665276916e-06,6.643822507452962e-08,1.6188990997534347e-05,1.0511576817862078e-06,2.6903426260105334e-06,8.717178161532502e-07
130,4.663,0.025000000000000355,False,no_event,5.8164303595731326e-08,5.8164303595731326e-08,9.820216746464938e-07,9.820216746464938e-07,2.032186915951168e-07,9.286461335022977e-06,9.820216178013652e-07,3.7297875223885057e-06,1.8626434439283912e-07
131,4.692,0.028999999999999915,False,no_event,1.827733200343573e-07,1.827733200343573e-07,2.648075920320089e-06,2.648075920320089e-06,3.4729153388936356e-07,1.6071481695689727e-05,2.6480760624281174e-06,2.309885655904509e-05,0.0
132,4.755,0.06299999999999972,False,no_event,1.4975925921589806e-07,1.4975925921589806e-07,3.855951149490445e-07,3.855951149490445e-07,1.1031837879299798e-07,2.723504820778544e-06,3.8559514337066503e-07,2.3144330896229803e-06,0.0
133,4.783,0.02800000000000047,False,no_event,1.2853944042490184e-07,1.2853944042490184e-07,5.986751716591244e-07,5.986751716591244e-07,2.084286182744162e-08,3.1235622657277418e-06,5.986750011288677e-07,8.106586079748013e-06,0.0
134,4.808,0.024999999999999467,False,no_event,5.404089620242303e-08,5.404089620242303e-08,1.8343374108588693e-07,1.8343374108588693e-07,1.0080521251855334e-07,4.854084934891034e-06,1.8343351371186145e-07,2.3997534981390345e-06,0.0
135,4.84,0.03200000000000003,False,no_event,2.3007355309800914e-07,2.3007355309800914e-07,7.463806639418481e-07,7.463806639418481e-07,2.461151379172647e-07,1.0821149629691718e-05,7.463808344709832e-07,1.1738060109678372e-05,0.0
136,4.859,0.019000000000000128,False,no_event,1.7390569695407976e-07,1.7390569695407976e-07,1.3950693756093986e-07,1.3950693756093986e-07,8.710943872692202e-08,2.9952499858154624e-07,1.39506965979308e-07,2.1298480206155546e-06,0.0
137,4.881,0.02200000000000024,False,no_event,2.4191464120804085e-07,2.4191464120804085e-07,7.647867052779309e-08,7.647867052779309e-08,1.7409491215457933e-08,5.527272620042822e-06,7.647878419447807e-08,1.1489550573173801e-06,0.0
138,4.913,0.03200000000000003,False,no_event,2.1794523519247377e-07,2.1794523519247377e-07,2.2218702611220975e-07,2.2218702611220975e-07,1.7953951288049584e-07,7.966098777956176e-06,2.221869692675682e-07,3.702837599206532e-06,0.0
139,4.948,0.03500000000000014,False,no_event,2.039996616076678e-08,2.039996616076678e-08,1.0192877704323038e-08,1.0192877704323038e-08,1.4064326290344335e-07,4.0099466005472095e-06,1.019290607473522e-08,2.1477414513526583e-07,0.0
140,4.971,0.022999999999999687,False,no_event,2.663729503638024e-07,2.663729503638024e-07,1.0603116649121419e-08,1.0603116649121419e-08,1.2857786688596768e-08,4.0536442398320105e-06,1.060311660694424e-08,1.638520785718356e-07,0.0
141,4.999,0.02799999999999958,False,no_event,1.21213780346352e-07,1.21213780346352e-07,1.662854745838893e-08,1.662854745838893e-08,4.425551005975596e-09,1.2488930352105854e-06,1.662846216277103e-08,2.8113182004574355e-07,0.0
142,5.026,0.027000000000000135,False,no_event,9.825073021829667e-08,9.825073021829667e-08,1.2086047799080705e-08,1.2086047799080705e-08,1.5481388078679844e-08,2.620813006615208e-07,1.2085905609637848e-08,2.082052228402631e-07,0.0
143,5.055,0.028999999999999915,False,no_event,1.4407257253878925e-07,1.4407257253878925e-07,8.167631947384683e-09,8.167631947384683e-09,6.955539766230094e-08,3.443217000409504e-06,8.16757506072463e-09,1.4219357247213793e-07,0.0
144,5.085,0.03000000000000025,False,no_event,1.5340068449922373e-07,1.5340068449922373e-07,3.9290244321875425e-07,3.9290244321875425e-07,6.5407589668332005,218.02528807323665,3.9290297318775657e-07,2.2063752617338502e-05,4.42804343530763e-06
145,5.111,0.0259999999999998,False,no_event,1.8944708203551884e-07,1.8944708203551884e-07,4.932682479165836e-06,4.932682479165836e-06,0.4779422913194461,18.382401657503408,4.932683276524869e-06,1.2132391788194708e-05,7.408028085402952e-06
146,5.14,0.028999999999999915,False,no_event,8.726709256478702e-08,8.726709256478702e-08,5.067208782892409e-06,5.067208782892409e-06,1.2505726578054701,43.1232073626046,5.067207887141726e-06,1.399357898191153e-05,2.7221638472301907e-06
147,5.167,0.027000000000000135,False,no_event,8.695377217702118e-08,8.695377217702118e-08,4.535171184477465e-06,4.535171184477465e-06,0.4694984731025686,17.38883983909477,4.53517144662375e-06,3.072666719922527e-05,5.783308028271202e-07
148,5.198,0.031000000000000583,False,no_event,1.6644860973117554e-07,1.6644860973117554e-07,2.47081142644658e-06,2.47081142644658e-06,0.20456193590445534,6.598785162136551,2.47081092709247e-06,4.664321165662073e-05,5.483214393618112e-07
149,5.224,0.0259999999999998,False,no_event,1.4607662553010173e-07,1.4607662553010173e-07,4.855639945613973e-06,4.855639945613973e-06,0.046514063066485006,1.7890067098325062,4.855640784862984e-06,5.548053915054429e-05,2.4922532126461086e-06
150,5.253,0.028999999999999915,False,no_event,1.403550579291127e-07,1.403550579291127e-07,4.467676998462955e-06,4.467676998462955e-06,7.067448982141447e-07,3.234951145714149e-05,4.467677141996876e-06,3.2141863697651115e-05,1.1829291311550266e-06
151,5.289,0.03599999999999959,False,no_event,2.4551091441398445e-07,2.4551091441398445e-07,4.798279932019845e-06,4.798279932019845e-06,3.6142602067153725e-08,1.4192688695402467e-05,4.798279838162561e-06,3.0641493853679387e-05,6.0420171094225145e-06
152,5.316,0.027000000000000135,False,no_event,1.2880191513339485e-07,1.2880191513339485e-07,3.4464713295282843e-06,3.4464713295282843e-06,6.361725118313365e-08,1.7588401419743604e-06,3.446471076540114e-06,2.906034654606687e-05,3.8612688727933957e-07
153,5.344,0.02800000000000047,False,no_event,1.3912860599398432e-07,1.3912860599398432e-07,2.8906895700033464e-06,2.8906895700033464e-06,5.2420680926884e-08,6.529791363618642e-06,2.890689292817607e-06,1.872923659741309e-05,2.6702636293853477e-06
154,5.371,0.027000000000000135,False,no_event,1.4504447191025173e-07,1.4504447191025173e-07,3.1864432601754573e-06,3.1864432601754573e-06,5.052898878009931e-08,1.411245506233172e-06,3.18644348306042e-06,2.5884553657544315e-05,3.706664399766135e-07
155,5.394,0.022999999999999687,False,no_event,2.1416624963513293e-07,2.1416624963513293e-07,5.917879781152149e-07,5.917879781152149e-07,7.006591485533201e-08,1.5433683358878625e-05,5.91788616649218e-07,8.446480153512368e-06,1.1339476398589246e-06
156,5.424,0.03000000000000025,False,no_event,1.6123195390375545e-07,1.6123195390375545e-07,8.529855411181395e-07,8.529855411181395e-07,1.2656648410541016e-07,8.882446621782947e-06,8.529856630923502e-07,7.84763711187196e-06,3.461753850017829e-07
157,5.449,0.024999999999999467,False,no_event,5.727203333846232e-08,5.727203333846232e-08,5.526130993184864e-07,5.526130993184864e-07,1.6469466829354538e-07,7.539683934965069e-06,5.526132889900721e-07,7.0316088123498355e-06,4.3018261595832245e-07
158,5.4830000000000005,0.034000000000000696,False,no_event,2.6712229723366917e-07,2.6712229723366917e-07,1.095933082636303e-06,1.095933082636303e-06,4.793628965930133e-07,1.9480490664136596e-05,1.095933183502443e-06,1.2930482011096418e-05,1.3638614983490137e-07
159,5.507,0.023999999999999133,False,no_event,2.9712742400640536e-08,2.9712742400640536e-08,1.0613617702588424e-07,1.0613617702588424e-07,9.84346560589275e-08,4.125790752596004e-06,1.061363710231408e-07,2.2891376645962808e-06,3.5658679247085466e-07
160,5.53,0.023000000000000576,False,no_event,2.623118005443881e-07,2.623118005443881e-07,1.927276516800943e-07,1.927276516800943e-07,4.274105714263029e-08,9.064840256201023e-06,1.9272779919966474e-07,3.1493532944260047e-06,4.1567731170854096e-07
161,5.562,0.03200000000000003,False,no_event,2.3082926850877916e-07,2.3082926850877916e-07,1.5792849374531374e-06,1.5792849374531374e-06,2.89740287483592e-07,1.2388821559738972e-05,1.5792850589484328e-06,1.1246317290858669e-05,1.2057055396504423e-06
162,5.582,0.019999999999999574,False,no_event,1.9829103529904104e-07,1.9829103529904104e-07,1.6288734441796205e-07,1.6288734441796205e-07,4.7474180508522136e-08,2.502808783333421e-06,1.6288790778442604e-07,2.5256135131000043e-06,2.607231668533665e-07
163,5.633,0.051000000000000156,False,no_event,3.924696767352414e-07,3.924696767352414e-07,2.0313034431769188e-07,2.0313034431769188e-07,6.845360263176708e-08,4.319587773693456e-06,2.0312992346700093e-07,4.3958991441127214e-06,2.864332302293248e-07
164,5.655,0.02200000000000024,False,no_event,2.4585368898810393e-07,2.4585368898810393e-07,1.5040268552461395e-07,1.5040268552461395e-07,2.3663428607838373e-08,5.223388058084311e-06,1.5040385053023417e-07,1.525317586440344e-06,4.075831571121957e-07
165,5.673,0.017999999999999794,False,no_event,1.5414799272962736e-07,1.5414799272962736e-07,3.0929949396856445e-07,3.0929949396856445e-07,6.274852719965742e-08,5.443665784810037e-07,3.093004683926763e-07,4.620319450141531e-06,1.9384860755190407e-07
166,5.7,0.027000000000000135,False,no_event,9.951053680648661e-08,9.951053680648661e-08,2.0191501031728743e-07,2.0191501031728743e-07,1.1323868776820544e-08,3.8486723497044295e-07,2.019154457455714e-07,2.0819910675979134e-06,1.346488185333032e-08
167,5.728,0.02799999999999958,False,no_event,1.2242023942114515e-07,1.2242023942114515e-07,1.5697966060370418e-07,1.5697966060370418e-07,1.475706127774207e-08,1.4615018741892527e-06,1.5698031666246373e-07,3.525467265479384e-07,1.743897791422354e-07
168,5.748,0.020000000000000462,False,no_event,2.0006981102903774e-07,2.0006981102903774e-07,4.8116400210793474e-08,4.8116400210793474e-08,2.3277614602758123e-08,1.318453179521839e-06,4.811631227785325e-08,7.51639563013483e-07,7.684445297688615e-08
169,5.774,0.0259999999999998,False,no_event,7.57373764023348e-08,7.57373764023348e-08,1.3900885521316463e-07,1.3900885521316463e-07,7.764054577364336e-08,3.3492632240950115e-06,1.3900867217548408e-07,1.5386008254788537e-06,6.52262938034301e-08
170,5.8020000000000005,0.02800000000000047,False,no_event,1.222858896749381e-07,1.222858896749381e-07,9.303261246285527e-08,9.303261246285527e-08,1.2120763113370591e-08,1.1013425122996523e-06,9.30329536689899e-08,2.0024927180880512e-07,1.008611123655991e-07
171,5.827,0.024999999999999467,False,no_event,5.2697005476225485e-08,5.2697005476225485e-08,2.873247456675022e-08,2.873247456675022e-08,3.8262479929005334e-08,1.7520930803982537e-06,2.8731038298051912e-08,4.1848814578312064e-07,2.6517721545408935e-08
172,5.853,0.0259999999999998,False,no_event,7.583425566501553e-08,7.583425566501553e-08,7.879989089702028e-08,7.879989089702028e-08,5.84185709451879e-08,2.47489121463218e-06,7.879899643572979e-08,8.806186564816278e-07,3.637661277376919e-08
173,5.878,0.025000000000000355,False,no_event,0.03941581531710174,0.03941581531710174,1.5766346861596763,1.5766346861596763,0.11080628659866232,4.432251390838399,1.5766346861587266,106.15577388380281,17.500000372528913
174,5.905,0.027000000000000135,False,no_event,1.8364095829288473e-08,1.8364095829288473e-08,2.7357500396530733e-06,2.7357500396530733e-06,5.6393015612969774e-08,2.6244179629486553e-06,2.7357494012257155e-06,7.226098346559193e-06,7.003544483993673e-07
175,5.931,0.0259999999999998,False,no_event,1.7038619839085468e-07,1.7038619839085468e-07,4.084939715605513e-06,4.084939715605513e-06,3.6541494513084154e-08,1.7616654233165718e-06,4.0849412799554015e-06,5.3271894206324654e-05,5.36442014699241e-07
176,5.968,0.03699999999999992,False,no_event,1.5112724320041454e-07,1.5112724320041454e-07,5.303127720033766e-06,5.303127720033766e-06,2.128735070528551e-08,5.98745046431759e-07,5.303127283070037e-06,3.751412602654283e-05,4.768372353342921e-07
177,5.987,0.019000000000000128,False,no_event,4.8063333414658205e-08,4.8063333414658205e-08,2.758768698065619e-06,2.758768698065619e-06,8.63240707205376e-09,1.5399027901707996e-06,2.758768332954826e-06,5.98207705094406e-06,1.251697409277748e-06
178,6.0120000000000005,0.025000000000000355,False,no_event,1.4855343836556908e-08,1.4855343836556908e-08,1.5109986971216126e-06,1.5109986971216126e-06,2.7677797504594364e-08,1.095626476654843e-06,1.5109981656374184e-06,9.172702180652085e-06,8.881784197001252e-16
179,6.04,0.02799999999999958,False,no_event,2.9129360957886447e-08,2.9129360957886447e-08,2.378455653132144e-06,2.378455653132144e-06,3.706089181478587e-08,1.7101078206849252e-06,2.37845624108841e-06,2.5344443808610576e-05,0.0
180,6.066,0.0259999999999998,False,no_event,7.293579905229695e-08,7.293579905229695e-08,2.179911756578071e-06,2.179911756578071e-06,2.4307274653116393e-08,9.731942895996326e-07,2.1799118881197196e-06,3.409886547385394e-05,0.0
181,6.0920000000000005,0.02600000000000069,False,no_event,4.9714858765269155e-08,4.9714858765269155e-08,1.4847253038286023e-06,1.4847253038286023e-06,2.1478870985984518e-08,8.368330757235753e-07,1.4847242520368002e-06,2.404640150416248e-05,0.0
182,6.119,0.026999999999999247,False,no_event,1.502073011432775e-08,1.502073011432775e-08,9.117524107087642e-07,9.117524107087642e-07,2.590811143539061e-08,1.0060607795736587e-06,9.117513768434146e-07,1.3116065025855009e-05,0.0
183,6.144,0.025000000000000355,False,no_event,2.4159289265447528e-09,2.4159289265447528e-09,2.3414329380991055e-07,2.3414329380991055e-07,1.5148778392311116e-08,5.142323615814348e-07,2.3414193764014577e-07,3.180316980849952e-06,0.0
184,6.171,0.027000000000000135,False,no_event,6.590953283512386e-09,6.590953283512386e-09,3.9855527790031075e-07,3.9855527790031075e-07,1.9803761890788763e-08,7.253388636385694e-07,3.985543042739802e-07,6.161446158430738e-06,0.0
185,6.194,0.022999999999999687,False,no_event,5.788330290973013e-09,5.788330290973013e-09,8.581027178218269e-08,8.581027178218269e-08,6.877682332071612e-09,6.143916548850825e-07,8.580970294393662e-08,1.169026924461751e-06,0.0
186,6.223,0.028999999999999915,False,no_event,2.9322352326092786e-09,2.9322352326092786e-09,1.8965296802909632e-07,1.8965296802909632e-07,1.2373477266140956e-08,4.3905479074624054e-07,1.896543179223923e-07,3.0717308458815903e-06,0.0
187,6.257000000000001,0.034000000000000696,False,no_event,8.740564609136664e-10,8.740564609136664e-10,1.015127063548669e-07,1.015127063548669e-07,1.3048670858359482e-08,4.660579460136205e-07,1.0151366717199643e-07,1.6588508476415665e-06,0.0
188,6.281,0.023999999999999133,False,no_event,2.6167304649298113e-11,2.6167304649298113e-11,9.08736190503053e-09,9.08736190503053e-09,2.4271957773933424e-09,5.961362958828431e-08,9.086193325182713e-09,1.2429129549989404e-07,0.0
189,6.306,0.025000000000000355,False,no_event,1.5984670135983184e-10,1.5984670135983184e-10,1.5244614058037852e-08,1.5244614058037852e-08,3.907425926146463e-09,1.7827060494468583e-07,1.5243288694703742e-08,2.460057206298961e-07,0.0
190,6.332,0.0259999999999998,False,no_event,8.919123435625667e-10,8.919123435625667e-10,2.6560611952145058e-08,2.6560611952145058e-08,3.748576303135449e-09,1.7740875302152403e-07,2.6560660636754367e-08,4.847063358352425e-07,0.0
