start_transition_sequence,end_transition_sequence,requested_horizon_s,actual_horizon_s,step_count,action_change_count,collision_step_count,external_perturbation_step_count,perturbation_relation,planar_position_error_cm,planar_velocity_error_cm_s,yaw_error_deg,angular_velocity_yaw_error_deg_s
0,17,0.5,0.504,18,0,0,0,no_event,3.135916358587565e-06,8.70512138817503e-07,0.0,0.0
0,36,1.0,1.018,37,1,0,0,no_event,3.7234535739116836e-06,1.3562315608339759e-05,0.0,0.0
0,54,1.5,1.515,55,2,0,0,no_event,5.100126827528584e-07,6.629711705841146e-06,9.74102193934237,29.755502803507653
1,18,0.5,0.506,18,0,0,0,no_event,3.137153385068814e-06,6.933292127087043e-07,0.0,0.0
1,37,1.0,1.0180000000000002,37,1,0,0,no_event,9.124147596858506,85.26675050807984,0.0,0.0
1,55,1.5,1.5140000000000002,55,2,0,0,no_event,36.32443524793075,30.300412635469755,48.56685444519329,69.77630943881607
2,20,0.5,0.5289999999999999,19,0,0,0,no_event,3.425908857934701e-06,3.276316249412048e-07,0.0,0.0
2,38,1.0,1.0159999999999998,37,1,0,0,no_event,11.637643050665815,89.7676869253537,0.0,0.0
2,56,1.5,1.511,55,2,0,0,no_event,37.03731754679927,26.40303583663919,46.370274984984334,81.35479816771243
3,20,0.5,0.504,18,0,0,0,no_event,3.3021838135027792e-06,3.230740048820735e-07,0.0,0.0
3,39,1.0,1.019,37,1,0,0,no_event,14.166298060323697,90.30910356981042,0.0,0.0
3,57,1.5,1.5120000000000002,55,2,0,0,no_event,37.5850383519562,21.066177265173792,44.06688605597001,88.59188384939472
4,21,0.5,0.5030000000000001,18,0,0,0,no_event,3.1321503684011986e-06,2.350081445001706e-07,0.0,0.0
4,40,1.0,1.018,37,1,0,0,no_event,16.5440416306825,88.0645661418063,0.0,0.0
4,58,1.5,1.5120000000000002,55,2,0,0,no_event,38.0144278885399,15.335325837751071,41.46211180122459,93.02765511609826
5,22,0.5,0.502,18,0,0,0,no_event,3.34797368850559e-06,1.6108117506519193e-07,0.0,0.0
5,41,1.0,1.021,37,1,0,0,no_event,18.964425347510655,83.46151289862851,0.0,0.0
5,59,1.5,1.512,55,2,0,0,no_event,38.29889382559929,10.941000401977163,38.99975160543968,94.70616288224484
6,24,0.5,0.5250000000000001,19,0,0,0,no_event,3.129120841549593e-06,4.518673790698813e-08,0.0,0.0
6,42,1.0,1.0210000000000004,37,1,0,0,no_event,21.207341010231175,77.34190578106438,0.0,0.0
6,60,1.5,1.512,55,2,0,0,no_event,38.50955483347866,7.264153743290194,36.2598885874271,94.47803802468792
7,25,0.5,0.526,19,0,0,0,no_event,3.4163239206463913e-06,3.386759317436372e-08,0.0,0.0
7,43,1.0,1.0250000000000001,37,1,0,0,no_event,23.3061794126005,69.9612858708603,0.0,0.0
7,61,1.5,1.514,55,2,0,0,no_event,38.64331913735043,4.7772981160672146,33.6649168341975,92.67756473451452
8,25,0.5,0.5009999999999999,18,0,0,0,no_event,3.270710408287414e-06,3.309861540401471e-08,0.0,0.0
8,43,1.0,1.0,36,1,0,0,no_event,23.306179558247095,69.96128587086038,0.0,0.0
8,62,1.5,1.5179999999999998,55,2,0,0,no_event,38.731445620096906,3.038833948716899,31.065552510049926,89.63325478638366
9,27,0.5,0.5249999999999999,19,0,0,0,no_event,3.0639093893114477e-06,1.2169522278782097e-08,0.0,0.0
9,45,1.0,1.025,37,2,0,0,no_event,26.49229610202417,55.313955996870234,17.015274397571726,371.6199109434051
9,63,1.5,1.516,55,2,0,0,no_event,38.78459633820364,1.9685260030553877,28.74249567357119,86.0391433598434
10,28,0.5,0.5230000000000001,19,0,0,0,no_event,2.8308229502727045e-06,5.723450158257037e-09,0.0,0.0
10,46,1.0,1.0260000000000002,37,2,0,0,no_event,27.89079415589174,48.22405930379527,28.241964171744918,387.1272162422611
10,64,1.5,1.5150000000000001,55,2,0,0,no_event,38.81868017095644,1.2623483836574678,26.529739796157074,81.95392255691637
11,29,0.5,0.5189999999999999,19,0,0,0,no_event,2.6462084861123003e-06,2.3668746962357545e-09,0.0,0.0
11,47,1.0,1.0210000000000001,37,2,0,0,no_event,28.97475365281923,43.35836864891546,37.118344097131896,355.0551926716856
11,65,1.5,1.511,55,2,0,0,no_event,38.83990894990791,0.8164779033504601,24.50880122318183,77.72840734081824
12,30,0.5,0.516,19,1,0,0,no_event,0.05231276606605206,1.937602116489586,0.0,0.0
12,48,1.0,1.0179999999999998,37,2,0,0,no_event,30.03928781449804,39.427180431304194,44.12075636591385,259.3485925037408
12,66,1.5,1.509,55,2,0,0,no_event,38.85410359784589,0.5069374907132556,22.464553385548815,73.00885246792046
13,31,0.5,0.5120000000000002,19,1,0,0,no_event,0.2544337829494907,7.485963317862229,0.0,0.0
13,49,1.0,1.014,37,2,0,0,no_event,31.0287940559831,36.648373960090595,48.73018077610549,170.71941392383638
13,67,1.5,1.502,55,2,0,0,no_event,38.86214953988156,0.33524147559393214,20.810544685472703,68.9170292126109
14,32,0.5,0.5039999999999998,19,1,0,0,no_event,0.7022235242916395,16.584808683874144,0.0,0.0
14,50,1.0,1.006,37,2,0,0,no_event,31.966900124837707,34.74466760579595,51.43400603000588,100.14166837202174
14,69,1.5,1.519,56,2,0,0,no_event,38.87120216032872,0.13499006423995752,17.568533319407027,60.18435950825048
15,33,0.5,0.5110000000000001,19,1,0,0,no_event,1.6104676888836593,30.274799961790677,0.0,0.0
15,51,1.0,1.013,37,2,0,0,no_event,32.9676249852846,33.35748228734246,52.635552982770434,40.05155370127329
15,70,1.5,1.5220000000000002,56,2,0,0,no_event,38.87341670415162,0.08515971155131297,16.11281657135678,55.98910607759115
16,34,0.5,0.5110000000000001,19,1,0,0,no_event,2.8800101202261885,45.34079809244936,0.0,0.0
16,52,1.0,1.0099999999999998,37,2,0,0,no_event,33.782752465482304,32.60509116312382,52.68292659405566,1.8949421786464882
16,71,1.5,1.521,56,2,0,0,no_event,38.87483701065514,0.052593706886909786,14.714135513151879,51.80300264801766
17,35,0.5,0.5110000000000001,19,1,0,0,no_event,4.608343888658737,61.72620264375382,0.0,0.0
17,53,1.0,1.008,37,2,0,0,no_event,34.61694377829474,32.08427317416949,51.93896916012721,28.61375104023466
17,72,1.5,1.52,56,2,0,0,no_event,38.87571148549614,0.032378113942371556,13.423116840101851,47.8155068696067
18,36,0.5,0.514,19,1,0,0,no_event,6.821948350968796,76.33118785780837,0.0,0.0
18,54,1.0,1.011,37,2,0,0,no_event,35.53662744733424,31.713223763013033,50.38103842393492,53.72175602358405
18,73,1.5,1.523,56,2,0,0,no_event,38.87651602272217,0.02773492369274777,12.15375977190613,43.770934004892815
19,37,0.5,0.5120000000000002,19,1,0,0,no_event,9.124150767687297,85.26675050815936,0.0,0.0
19,55,1.0,1.0080000000000002,37,2,0,0,no_event,36.3244384187625,30.300412635469783,48.56685444519329,69.77630943881607
19,74,1.5,1.519,56,3,0,0,no_event,38.83759954227537,1.5566685968449008,11.215664097799532,37.52382710928311
20,38,0.5,0.5169999999999999,19,1,0,0,no_event,11.637646294122646,89.76768692540256,0.0,0.0
20,56,1.0,1.012,37,2,0,0,no_event,37.037320790257695,26.403035836639205,46.370274984984334,81.35479816771243
20,75,1.5,1.5230000000000001,56,3,0,0,no_event,38.65390726870339,6.803432818570656,10.329357427090603,32.8261733936703
21,39,0.5,0.5149999999999999,19,1,0,0,no_event,14.166301377699824,90.30910356984194,0.0,0.0
21,57,1.0,1.0080000000000002,37,2,0,0,no_event,37.58504166933358,21.066177265173806,44.06688605597001,88.59188384939472
21,76,1.5,1.5200000000000002,56,3,0,0,no_event,38.23068379040535,15.674954278183776,9.533462580319547,29.47758729120715
22,40,0.5,0.5149999999999999,19,1,0,0,no_event,16.544044773729752,88.06456614182781,0.0,0.0
22,58,1.0,1.0090000000000001,37,2,0,0,no_event,38.01443103158783,15.335325837751085,41.46211180122459,93.02765511609826
22,77,1.5,1.5210000000000001,56,3,0,0,no_event,37.4447469860022,28.069179182761502,8.780849189679387,26.879050090662982
23,41,0.5,0.5189999999999999,19,1,0,0,no_event,18.964428702836585,83.46151289864163,0.0,0.0
23,59,1.0,1.01,37,2,0,0,no_event,38.298897180925564,10.941000401977192,38.99975160543968,94.70616288224484
23,78,1.5,1.5240000000000002,56,3,0,0,no_event,36.244730498804984,42.85773663853911,8.086032387847158,24.814886141963793
24,42,0.5,0.5220000000000002,19,1,0,0,no_event,21.20734405360099,77.3419057810709,0.0,0.0
24,60,1.0,1.013,37,2,0,0,no_event,38.5095578768487,7.264153743290223,36.2598885874271,94.47803802468792
24,79,1.5,1.525,56,3,0,0,no_event,34.69453260640023,57.414741741885635,7.461624238048873,23.12622801572369
25,43,0.5,0.526,19,1,0,0,no_event,23.30618271455046,69.9612858708635,0.0,0.0
25,61,1.0,1.015,37,2,0,0,no_event,38.64332243930028,4.7772981160672146,33.6649168341975,92.67756473451452
25,80,1.5,1.527,56,3,0,0,no_event,32.74812655038056,69.51450661331238,6.857735366370136,21.567459971880726
26,44,0.5,0.524,19,2,0,0,no_event,24.88819423415748,63.28045615609279,6.238296533612064,249.5318588509769
26,62,1.0,1.017,37,2,0,0,no_event,38.731448892293315,3.0388339487169276,31.065552510049926,89.63325478638366
26,80,1.5,1.5,55,3,0,0,no_event,32.748126666273606,69.51450661331238,6.857735366370136,21.567459971880726
27,45,0.5,0.5269999999999999,19,2,0,0,no_event,26.4922990507888,55.313955996871314,17.015274397571726,371.6199109434051
27,63,1.0,1.018,37,2,0,0,no_event,38.78459928696827,1.9685260030554161,28.74249567357119,86.0391433598434
27,81,1.5,1.502,55,3,0,0,no_event,30.59588757863446,76.86568586053835,6.294130015976573,20.12876274901663
28,45,0.5,0.5,18,2,0,0,no_event,26.492299166474595,55.31395599687153,17.015274397571726,371.6199109434051
28,64,1.0,1.0180000000000002,37,2,0,0,no_event,38.818682913625025,1.2623483836574678,26.529739796157074,81.95392255691637
28,82,1.5,1.5010000000000003,55,3,0,0,no_event,28.522698594561575,79.73804275944151,5.803653574388163,18.864478634505602
29,46,0.5,0.5030000000000001,18,2,0,0,no_event,27.890796986970827,48.22405930379588,28.241964171744918,387.1272162422611
29,65,1.0,1.0179999999999998,37,2,0,0,no_event,38.839911507774445,0.8164779033504601,24.50880122318183,77.72840734081824
29,83,1.5,1.5019999999999998,55,3,0,0,no_event,26.37791894710142,79.4362868975959,5.328129081765095,17.61201837878955
30,47,0.5,0.5020000000000002,18,1,0,0,no_event,28.974756299135606,43.35836864891573,37.118344097131896,355.0551926716856
30,66,1.0,1.02,37,1,0,0,no_event,38.854105975393736,0.5069374907132556,22.464553385548815,73.00885246792046
30,84,1.5,1.504,55,2,0,0,no_event,24.23683411518107,76.46731887807242,4.869842386458577,16.36738211248514
31,48,0.5,0.5019999999999998,18,1,0,0,no_event,2.566289595051785e-06,6.13711760522051e-06,1.0849616930819042,38.594264158480996
31,67,1.0,1.017,37,1,0,0,no_event,5.814347105115303e-06,9.301717796006415e-08,6.477630365653102,18.43394202498197
31,85,1.5,1.504,55,2,0,0,no_event,4.6169615188773605e-06,2.960589417178028e-06,0.5761594482550032,4.202784468929471
32,49,0.5,0.5019999999999998,18,1,0,0,no_event,2.5516183086438105e-06,7.574727860060193e-06,2.7544297547062513,61.832159106384495
32,68,1.0,1.016,37,1,0,0,no_event,5.647563966704183e-06,5.230893407315307e-08,6.013974546907544,17.83291558677321
32,86,1.5,1.5059999999999998,55,2,0,0,no_event,4.309872451813135e-06,2.1527095594997547e-06,0.47514357066420615,3.483306009250848
33,50,0.5,0.5020000000000002,18,1,0,0,no_event,2.507569661247544e-06,8.77726540693402e-06,4.581215962837629,67.65875614767191
33,69,1.0,1.0150000000000001,37,1,0,0,no_event,5.4099165254228865e-06,2.8929548534506466e-08,5.569236156417915,17.105322248746194
33,87,1.5,1.5070000000000001,55,2,0,0,no_event,3.951127723667014e-06,1.4982964686716116e-06,0.39576611062345934,2.8349092085665957
34,51,0.5,0.5019999999999998,18,1,0,0,no_event,2.700758614082588e-06,8.083701260375165e-06,6.445994521907541,62.159296693211104
34,70,1.0,1.0110000000000001,37,1,0,0,no_event,5.360391014619381e-06,1.567374852129433e-08,5.145676515557952,16.290755034339174
34,88,1.5,1.505,55,3,0,0,no_event,3.793382870482413e-06,1.2317027171290501e-06,4.118633591439779,132.95955425584228
35,53,0.5,0.5249999999999999,19,1,0,0,no_event,2.7429250621935353e-06,3.5061771086475346e-06,8.878112546532291,42.27493562931352
35,71,1.0,1.0099999999999998,37,1,0,0,no_event,5.1415960342637845e-06,1.1441926517363754e-08,4.730184681481753,15.388585954987589
35,89,1.5,1.505,55,3,0,0,no_event,3.4515319816050087e-06,2.011819648458049e-06,9.335438630379125,186.31446796677545
36,54,0.5,0.5259999999999998,19,1,0,0,no_event,2.7152734674018575e-06,6.62730938927325e-06,9.74102193934237,29.755502803507653
36,72,1.0,1.009,37,1,0,0,no_event,4.917253477287886e-06,8.115307537082117e-09,4.339930937061878,14.453841925575096
36,90,1.5,1.505,55,3,0,0,no_event,3.1140107789808515e-06,3.3525192233664485e-06,14.715320134840933,192.13862807993306
37,55,0.5,0.5230000000000001,19,1,0,0,no_event,2.569083790149307e-06,3.3523247111588717e-06,10.250574721684577,19.598186500378063
37,73,1.0,1.009,37,1,0,0,no_event,4.774611511493276e-06,0.0,3.950080377305252,13.443122131395981
37,91,1.5,1.504,55,3,0,0,no_event,2.823523847491936e-06,4.764173476131189e-06,19.557726286290524,172.94308022675693
38,56,0.5,0.5229999999999997,19,1,0,0,no_event,2.593233830339159e-06,4.240321288762061e-06,10.528218888865046,10.283120648137185
38,74,1.0,1.0069999999999997,37,2,0,0,no_event,4.6353632114914944e-06,5.726114125081949e-07,3.561512072838678,15.542732033644164
38,92,1.5,1.504,55,3,0,0,no_event,2.6719114325494992e-06,6.4892482482971995e-06,23.43337528735953,143.54255848911757
39,57,0.5,0.5210000000000004,19,1,0,0,no_event,2.6257796434947522e-06,2.0864423504463048e-06,10.599611597833027,2.745875386075511
39,75,1.0,1.0060000000000002,37,2,0,0,no_event,4.549065920400608e-06,3.351329723955132e-06,3.1294394684778215,16.00268864595087
39,93,1.5,1.5040000000000004,55,3,0,0,no_event,2.638774174353622e-06,7.494916395461602e-06,26.500172598238798,109.5284792050125
40,58,0.5,0.5210000000000004,19,1,0,0,no_event,2.745264396253333e-06,2.0832092104683397e-06,10.49051355747895,3.8963554231692683
40,76,1.0,1.0050000000000003,37,2,0,0,no_event,4.398455985210603e-06,6.66883302358201e-06,2.7144918104713933,15.368431404254773
40,94,1.5,1.5030000000000001,55,3,0,0,no_event,2.676780138844202e-06,8.84481416233433e-06,28.595404631491164,77.60118939851802
41,59,0.5,0.52,19,1,0,0,no_event,2.8009760626446223e-06,1.0043850409147126e-06,10.264759252238404,8.682856387965344
41,77,1.0,1.0060000000000002,37,2,0,0,no_event,4.187354420537304e-06,9.240935952448126e-06,2.31946485826599,14.108105010964152
41,95,1.5,1.505,55,3,0,0,no_event,2.7993677311768484e-06,1.0146484747513406e-05,29.946618157597356,46.59357446028156
42,60,0.5,0.52,19,1,0,0,no_event,2.9476358349711518e-06,9.981261541724962e-07,9.89456230248479,12.76540913966403
42,78,1.0,1.0050000000000003,37,2,0,0,no_event,3.90517584492045e-06,1.1665382899650467e-05,1.9670500025757853,12.586244483837524
42,96,1.5,1.5010000000000003,55,3,0,0,no_event,2.917036882626115e-06,9.451351105062762e-06,30.53749902000031,23.635235634269947
43,61,0.5,0.5189999999999997,19,1,0,0,no_event,3.0779699500271818e-06,8.098516843801917e-07,9.459933484963,15.522455649463481
43,79,1.0,1.0029999999999997,37,2,0,0,no_event,3.5647709637487424e-06,1.3626161305069218e-05,1.6681980262097271,11.068591471845723
43,98,1.5,1.5269999999999997,56,3,0,0,no_event,3.3736805487315156e-06,9.965221227307573e-06,30.19854638099458,14.72982178165904
44,62,0.5,0.5179999999999998,19,0,0,0,no_event,3.2455432119604666e-06,6.381303876423772e-07,8.954616705293253,17.42471431076595
44,80,1.0,1.001,37,1,0,0,no_event,3.2481426615049713e-06,1.2659021393801595e-05,1.4006894078681658,9.553878957414927
44,99,1.5,1.524,56,2,0,0,no_event,3.6071701231333947e-06,8.810084831187893e-06,29.448275714511276,27.78779976796207
45,63,0.5,0.52,19,0,0,0,no_event,3.2727042480473756e-06,4.731600995455665e-07,8.452468127999945,18.43426273970062
45,81,1.0,1.004,37,1,0,0,no_event,8.282139753023898,76.86661774560403,1.1719773787467964,8.162434585538335
45,100,1.5,1.5270000000000001,56,2,0,0,no_event,29.901123282690513,11.830228897445307,28.384960471586627,37.97539290109869
46,64,0.5,0.5180000000000002,19,0,0,0,no_event,3.078390932387265e-06,3.313643901492469e-07,7.940745334361876,18.952690514801596
46,82,1.0,1.0010000000000003,37,1,0,0,no_event,10.355344632102288,79.7386377756972,0.9897985638771857,7.0068772156283625
46,101,1.5,1.524,56,2,0,0,no_event,30.159187717368898,10.041855995028904,27.22071292145219,44.77875015020484
47,65,0.5,0.5149999999999997,19,0,0,0,no_event,2.8161750833533006e-06,1.7645047023506777e-07,7.445365673351504,19.05305638557828
47,84,1.0,1.0269999999999997,38,1,0,0,no_event,14.641226021111834,76.46754578694959,0.6895568565918802,4.990247079498985
47,102,1.5,1.52,56,2,0,0,no_event,30.371537210851248,8.544487987051248,25.9871177918692,49.34380415518798
48,66,0.5,0.5179999999999998,19,0,0,0,no_event,2.816452933984692e-06,1.2196818488519057e-07,6.91791195009785,18.837626656849334
48,84,1.0,1.0019999999999998,37,1,0,0,no_event,14.64122615383178,76.46754578694846,0.6895568521680085,4.990247046256905
48,103,1.5,1.5220000000000002,56,2,0,0,no_event,30.563980537940967,7.144955402031878,24.56965939697645,52.49845690206139
49,67,0.5,0.5150000000000001,19,0,0,0,no_event,2.535053340579907e-06,7.952721148285491e-08,3.178544318419221,5.131832163810344
49,85,1.0,1.0020000000000002,37,1,0,0,no_event,16.580754415077195,71.83436854763148,0.21773585612691287,2.3109628954232586
49,104,1.5,1.5219999999999998,56,2,0,0,no_event,30.72452461155449,5.9505177212582225,16.178297568646737,27.228674104310812
50,68,0.5,0.5140000000000002,19,0,0,0,no_event,2.292113777002669e-06,4.164351707913738e-08,0.7725644802801318,0.211789492207636
50,86,1.0,1.004,37,1,0,0,no_event,18.480013155273127,65.49166963896774,0.3149471484197444,0.016646865132173616
50,105,1.5,1.5189999999999997,56,2,0,0,no_event,30.845622896912868,5.046442875405171,7.685085199387457,9.76941634936621
51,69,0.5,0.5129999999999999,19,0,0,0,no_event,2.0422952502485714e-06,2.0642289655370405e-08,0.02577161965267902,0.09021116351338065
51,87,1.0,1.005,37,1,0,0,no_event,20.11876500453866,58.52684001550368,0.6023239928824956,1.0088551027018804
51,106,1.5,1.5239999999999996,56,2,0,0,no_event,30.974486560308616,4.027047832142447,0.8464802950275633,0.5547292303714642
52,70,0.5,0.5090000000000003,19,0,0,0,no_event,1.8517954458729946e-06,9.12709197109507e-09,9.313800176012959e-06,8.72479052560493e-06
52,88,1.0,1.0030000000000001,37,2,0,0,no_event,21.561920407072208,51.542746941541466,0.627848681130035,0.03727255158834453
52,107,1.5,1.5170000000000003,56,2,0,0,no_event,31.05316711652698,3.421442688295602,0.17147701214432737,0.6054473478933176
53,71,0.5,0.5110000000000001,19,0,0,0,no_event,1.8103295360560878e-06,6.937710850252188e-09,8.241775900630715e-06,9.568426857953227e-06
53,89,1.0,1.0060000000000002,37,2,0,0,no_event,22.827308853174678,45.21112418466655,0.6163734903413789,0.4098359328834249
53,108,1.5,1.5180000000000002,56,2,0,0,no_event,31.127013008374742,2.8414039762914154,0.15691060078065885,0.560248612560784
54,72,0.5,0.512,19,0,0,0,no_event,2.098740992551029e-06,5.727656571252737e-09,6.909589682080491e-06,8.797964841988914e-06
54,90,1.0,1.008,37,2,0,0,no_event,23.93750744174525,39.72485993409446,0.597296589812959,0.681328067282692
54,109,1.5,1.516,56,2,0,0,no_event,31.184373613811143,2.391620439383813,0.14441578683723788,0.5206187956871844
55,73,0.5,0.512,19,0,0,0,no_event,1.8367712755207322e-06,0.0,5.5539272805376365e-06,4.938232816442678e-06
55,91,1.0,1.0070000000000001,37,2,0,0,no_event,24.91431227568008,35.06790109033787,0.5728627266040871,0.872649369964023
55,110,1.5,1.516,56,2,0,0,no_event,31.24049296002163,1.936946201065752,0.1306263841500142,0.47549974272197204
56,74,0.5,0.5109999999999997,19,1,0,0,no_event,0.0394138624704965,1.576634687731513,0.07417787979312607,2.9673045058680962
56,92,1.0,1.008,37,2,0,0,no_event,25.749887222928102,31.276464978226997,0.5459414188654615,0.9970940577296119
56,111,1.5,1.5159999999999996,56,2,0,0,no_event,31.282097291340307,1.6019901233418445,0.11924641023579337,0.4376931472059482
57,75,0.5,0.5110000000000001,19,1,0,0,no_event,0.2234742229504718,6.817046220162467,0.19125404959551898,4.336152149607848
57,93,1.0,1.0090000000000003,37,2,0,0,no_event,26.517773962972953,27.941188631422232,0.5157736434695659,1.077424721474074
57,112,1.5,1.5200000000000005,56,2,0,0,no_event,31.321551141417633,1.2743812867415818,0.10697659265577615,0.39580267488044285
58,76,0.5,0.512,19,1,0,0,no_event,0.6469432167408513,15.684040381494384,0.3148618758477041,4.578043992836488
58,94,1.0,1.0099999999999998,37,2,0,0,no_event,27.17897771609334,25.205633513236815,0.4855836742242205,1.118154323958919
58,113,1.5,1.5219999999999998,56,2,0,0,no_event,31.35052048012238,1.036114321203336,0.09687069112561048,0.3609269750337347
59,77,0.5,0.512,19,1,0,0,no_event,1.433044744672884,28.075052034899244,0.43202161894393076,4.184269305929957
59,95,1.0,1.0109999999999997,37,2,0,0,no_event,27.809407082920327,22.684765926795926,0.4527780449959329,1.1312344247098736
59,114,1.5,1.5229999999999997,56,2,0,0,no_event,31.374722670629556,0.8358338275031597,0.08737001464956068,0.3276111044738954
60,78,0.5,0.5140000000000002,19,1,0,0,no_event,2.6331661877949273,42.86148129243077,0.5295369689984657,3.4826735395578243
60,96,1.0,1.0100000000000002,37,2,0,0,no_event,28.301322397786294,20.81957436937347,0.4247046128427352,1.1229419908519844
60,115,1.5,1.5270000000000001,56,2,0,0,no_event,31.394757937567743,0.6689084343399978,0.07848979069869233,0.2960093379693163
61,79,0.5,0.512,19,1,0,0,no_event,4.183429181140241,57.41714320297899,0.6026930259553368,2.7094636187296413
61,97,1.0,1.008,37,2,0,0,no_event,28.776902219384297,18.749281117726998,0.3950358003253274,1.0988515323945194
61,116,1.5,1.5270000000000001,56,2,0,0,no_event,31.410360055046965,0.5394161818550998,0.07071535847324302,0.26808554135013196
62,80,0.5,0.512,19,1,0,0,no_event,6.129877507798938,69.51600819194987,0.6563490730603188,1.9162825843899096
62,98,1.0,1.008,37,2,0,0,no_event,29.211342301138867,16.340538539342205,0.3653090412077531,1.0616743645875886
62,117,1.5,1.5299999999999998,56,3,0,0,no_event,31.42368412716459,0.43099604200240255,8.697992079840287,282.86151721793163
63,81,0.5,0.5110000000000001,19,1,0,0,no_event,8.282142938180868,76.86661774540391,0.6898648040934885,1.1969755145862173
63,99,1.0,1.0060000000000002,37,2,0,0,no_event,29.576782681101804,14.023951443726924,0.3378355851277575,1.0175409562432378
63,117,1.5,1.501,55,3,0,0,no_event,31.4236842886182,0.4309960420024027,8.697992068794703,282.86151726176433
64,82,0.5,0.5100000000000002,19,1,0,0,no_event,10.35534761760664,79.73863777554953,0.7059948075495189,0.6203839074363593
64,100,1.0,1.0070000000000001,37,2,0,0,no_event,29.90112657204809,11.830228897445284,0.3107849187608533,0.9660985647834082
64,119,1.5,1.528,56,3,0,0,no_event,31.441500651769644,0.3025215474531014,28.743255406548208,375.500511020349
65,83,0.5,0.5099999999999998,19,1,0,0,no_event,12.500137492726822,79.43665843875573,0.7091122792484078,0.11546118246498516
65,101,1.0,1.0059999999999998,37,2,0,0,no_event,30.159190805546743,10.041855995028888,0.28699025065492284,0.9151814385873394
65,119,1.5,1.501,55,3,0,0,no_event,31.4415007592293,0.3025215474531014,28.743255406086035,375.50051102217947
66,84,0.5,0.512,19,1,0,0,no_event,14.641228844920988,76.4675457868915,0.7005207436831503,0.3068486465035498
66,102,1.0,1.0050000000000003,37,2,0,0,no_event,30.37154003000953,8.544487987051241,0.26537183530508135,0.8647393057720052
66,120,1.5,1.501,55,3,0,0,no_event,31.44824017084815,0.2598291384373536,36.887194656608,313.22842568337603
67,85,0.5,0.5110000000000001,19,1,0,0,no_event,16.580756921815123,71.83436854759208,0.6837157683605026,0.622409071046123
67,103,1.0,1.0040000000000004,37,2,0,0,no_event,30.563983354714097,7.144955402031872,0.2435066990780118,0.8098224981215623
67,121,1.5,1.5,55,3,0,0,no_event,31.454283884866783,0.22434079916410676,42.89669943777539,222.5742420418017
68,86,0.5,0.516,19,1,0,0,no_event,18.480015368813156,65.49166963894412,0.6582798020743138,0.8771050776659299
68,104,1.0,1.0069999999999997,37,2,0,0,no_event,30.724527145381973,5.950517721258216,0.22310993943419202,0.755438113817192
68,122,1.5,1.5019999999999998,55,3,0,0,no_event,31.459383472357707,0.19655733376194592,46.69852943531937,146.22422502263322
69,87,0.5,0.5179999999999998,19,1,0,0,no_event,20.118766967207193,58.526840015491786,0.6288946868032934,1.0494739568036353
69,105,1.0,1.0049999999999994,37,2,0,0,no_event,30.845625186582726,5.04644287540517,0.20611470406869328,0.7081363186192533
69,123,1.5,1.504,55,3,0,0,no_event,31.464182991816585,0.1717637614424118,48.9632880489503,80.88422738414152
70,88,0.5,0.52,19,2,0,0,no_event,21.561922178701586,51.54274694153598,0.6278509964973572,0.03728086745979198
70,106,1.0,1.0109999999999997,37,2,0,0,no_event,30.974488599734684,4.027047832142445,0.18540254745618098,0.6472593067244077
70,124,1.5,1.5050000000000003,55,3,0,0,no_event,31.468271656632663,0.15173777017416987,49.83387748057463,32.24404694914347
71,89,0.5,0.5219999999999998,19,2,0,0,no_event,22.82731055842481,45.21112418466418,0.6163755662999026,0.4098433793806464
71,107,1.0,1.008,37,2,0,0,no_event,31.053168965367213,3.4214426882956004,0.1714773917389995,0.6054488382963115
71,125,1.5,1.5060000000000002,55,3,0,0,no_event,31.47189981745132,0.13464629751697937,49.698346683065175,5.019664517697493
72,90,0.5,0.5230000000000001,19,2,0,0,no_event,23.937509435269302,39.7248599340924,0.5972982967768614,0.6813342104293838
72,108,1.0,1.0070000000000001,37,2,0,0,no_event,31.12701481567056,2.841403976291415,0.1569109261266199,0.5602498914472847
72,126,1.5,1.5059999999999998,55,3,0,0,no_event,31.475129859787604,0.11987175089382515,48.80479251192379,33.094603641988556
73,91,0.5,0.524,19,2,0,0,no_event,24.91431395804399,35.067901090336754,0.5728640785567151,0.8726542404507995
73,109,1.0,1.004,37,2,0,0,no_event,31.18437570888942,2.391620439383813,0.14441605750376438,0.520619860555442
73,127,1.5,1.5070000000000001,55,3,0,0,no_event,31.478105781282398,0.10649938304455983,47.280786673497275,54.42878517499
74,92,0.5,0.5220000000000002,19,1,0,0,no_event,25.749889172257582,31.27646497822599,0.545942608236073,0.9970983056287253
74,110,1.0,1.004,37,1,0,0,no_event,31.24049479358582,1.936946201065752,0.1306266154745551,0.4755006507684385
74,128,1.5,1.5029999999999997,55,2,0,0,no_event,31.48050146970269,0.09602353451959045,45.57859404179132,68.08770674380438
75,93,0.5,0.5250000000000004,19,1,0,0,no_event,2.073068758160243e-06,7.494899307633598e-06,26.370395398746062,110.49099818620033
75,111,1.0,1.005,37,1,0,0,no_event,4.951579952717331e-06,9.627473831285903e-08,13.83776860843531,44.23387294252214
75,129,1.5,1.505,55,2,0,0,no_event,5.158230294798515e-06,7.114201380886722e-06,11.112409023336905,15.171921854539647
76,94,0.5,0.5249999999999999,19,1,0,0,no_event,1.9778472062640874e-06,8.844793514920708e-06,28.48733253904063,78.40508256591306
76,112,1.0,1.0090000000000003,37,1,0,0,no_event,5.039111535202852e-06,5.383683146508524e-08,12.559744301859894,41.226588465340825
76,130,1.5,1.5069999999999997,55,2,0,0,no_event,4.7682690802034135e-06,8.186737787241344e-06,11.260719310100448,5.114152256711861
77,95,0.5,0.5269999999999997,19,1,0,0,no_event,1.961071546759304e-06,1.014647136001251e-05,29.857733732367617,47.255218433343174
77,113,1.0,1.0099999999999998,37,1,0,0,no_event,5.0581183366097235e-06,3.523885662858354e-08,11.48240562214506,38.47638011046435
77,131,1.5,1.5090000000000003,55,2,0,0,no_event,4.319683853942264e-06,9.070927205812105e-06,11.180440859733116,2.7682185216197865
78,96,0.5,0.524,19,1,0,0,no_event,1.986033795256329e-06,9.451341125825624e-06,30.462602513004764,24.19475267318026
78,114,1.0,1.0109999999999997,37,1,0,0,no_event,5.126297956715127e-06,2.2912445613989454e-08,10.448051884267395,35.667368874910316
78,132,1.5,1.5100000000000002,55,2,0,0,no_event,3.87885850825449e-06,8.80762340216314e-06,10.926237595485597,8.765626358132096
79,97,0.5,0.5229999999999997,19,1,0,0,no_event,2.162171634031253e-06,1.0559232193892177e-05,30.548672013453466,3.187762460523629
79,115,1.0,1.013,37,1,0,0,no_event,5.234699299344607e-06,1.3860955052345185e-08,9.462675897457231,32.84586478701063
79,133,1.5,1.5110000000000001,55,2,0,0,no_event,3.465548454712661e-06,7.644265551221109e-06,10.544142645264468,13.175684895462112
80,98,0.5,0.524,19,1,0,0,no_event,2.440845747046503e-06,9.965217945491678e-06,30.147032633096867,14.344259843566192
80,116,1.0,1.0150000000000001,37,1,0,0,no_event,5.342277164956041e-06,0.0,8.586039637500011,30.228835374526565
80,134,1.5,1.5110000000000006,55,2,0,0,no_event,3.1565756661095154e-06,6.212735357280884e-06,10.109854117104222,16.0847584419474
81,99,0.5,0.5230000000000001,19,1,0,0,no_event,2.739768558542763e-06,8.810082987829518e-06,29.405430247667045,27.466752125587377
81,117,1.0,1.0179999999999998,37,2,0,0,no_event,5.571225157309624e-06,1.8364422089689486e-06,7.506496144957956,34.823996787444514
81,135,1.5,1.5090000000000003,55,2,0,0,no_event,2.9783528958928333e-06,3.5664583606377267e-06,9.641052365435298,18.03083534749188
82,100,0.5,0.5230000000000001,19,1,0,0,no_event,3.0380749966714745e-06,6.969450722421868e-06,28.349549244625965,37.710032456749644
82,118,1.0,1.0150000000000001,37,2,0,0,no_event,5.622731462368202e-06,3.264572825426279e-07,6.632610883150378,34.955414045790235
82,136,1.5,1.5070000000000001,55,2,0,0,no_event,2.851433607384941e-06,1.9620352702531983e-06,9.139295407160644,19.298343406224973
83,101,0.5,0.5229999999999997,19,1,0,0,no_event,3.2181859100384924e-06,4.096490523109083e-06,27.191084121718198,44.55634901151686
83,119,1.0,1.0179999999999998,37,2,0,0,no_event,5.608856569261078e-06,4.228939033624118e-06,5.6766064006522265,32.96568822018912
83,137,1.5,1.5110000000000001,55,2,0,0,no_event,2.6531456339900573e-06,1.367435970678344e-06,8.536545836159561,20.091650150528494
84,102,0.5,0.5210000000000004,19,1,0,0,no_event,3.3406036861662826e-06,3.026965688581459e-06,25.96217872357698,49.156214783130395
84,120,1.0,1.017,37,2,0,0,no_event,5.7127120520332355e-06,2.321543988159746e-06,4.200052033691586,56.7905598555576
84,138,1.5,1.509,55,2,0,0,no_event,2.5739244735601e-06,9.902119586518842e-07,8.030346844725608,20.24795903037787
85,103,0.5,0.5200000000000005,19,1,0,0,no_event,3.4971400231761295e-06,2.3160661229796464e-06,24.548930840171273,52.34251193443498
85,121,1.0,1.016,37,2,0,0,no_event,5.7030641972968725e-06,1.981930637385271e-06,1.8549204101390917,86.8567359825937
85,139,1.5,1.5099999999999998,55,2,0,0,no_event,2.4090579990548383e-06,7.422156897974085e-07,7.4482240969840126,20.073196614917375
86,104,0.5,0.5199999999999996,19,1,0,0,no_event,3.638981862646744e-06,1.712554294641751e-06,23.091389421167356,53.98301341037727
86,122,1.0,1.0149999999999997,37,2,0,0,no_event,5.812999810849653e-06,3.32526909119405e-06,0.7025798160546102,98.36539905373235
86,140,1.5,1.513,55,2,0,0,no_event,2.2282223611953053e-06,4.841524230414569e-07,6.861881525431056,19.544750787054266
87,105,0.5,0.5149999999999997,19,1,0,0,no_event,3.6960397060836624e-06,1.1836580088791462e-06,21.785911782831153,54.39490123690612
87,123,1.0,1.0140000000000002,37,2,0,0,no_event,5.830433878748066e-06,1.464950010326876e-07,3.3693303144378706,95.24109820840027
87,141,1.5,1.5540000000000003,55,2,0,0,no_event,2.176515262035385e-06,1.40406115179039e-07,5.627220489014792,17.63801484080078
88,106,0.5,0.5189999999999997,19,0,0,0,no_event,3.9357404020318545e-06,8.95996319372355e-07,20.063102328018925,53.83779181346216
88,124,1.0,1.0130000000000003,37,1,0,0,no_event,5.7520117606698816e-06,3.1083949947347465e-06,5.63712476528762,83.99239329183268
88,141,1.5,1.5260000000000002,54,1,0,0,no_event,2.176452347932203e-06,1.4040611517903904e-07,5.627220489016344,17.6380148408113
89,107,0.5,0.5140000000000002,19,0,0,0,no_event,4.024772113466103e-06,6.130425305981492e-07,0.4085631020158764,0.4355236259298749
89,125,1.0,1.0120000000000005,37,1,0,0,no_event,5.416867784511668e-06,5.107723053399425e-06,48.99237452663943,8.068625502050338
89,142,1.5,1.5330000000000004,54,1,0,0,no_event,1.9614522204868285e-06,7.475293273273644e-08,12.889297116111981,45.70243242697574
90,108,0.5,0.512,19,0,0,0,no_event,3.875587948364712e-06,3.514209155477619e-07,4.946031222935259e-06,1.7111692329763173e-05
90,126,1.0,1.0109999999999997,37,1,0,0,no_event,4.992441079537066e-06,6.455516491144221e-06,48.83070772519724,33.196167122112286
90,142,1.5,1.5050000000000003,53,1,0,0,no_event,1.7276845007075341e-06,7.475293273273644e-08,13.45754815940813,46.9597881524823
91,109,0.5,0.508,19,0,0,0,no_event,3.648304051584934e-06,2.3041048255132552e-07,5.211813740558571e-06,1.3478764159913226e-05
91,127,1.0,1.0110000000000001,37,1,0,0,no_event,4.505295987354885e-06,6.8375687050095535e-06,47.30413483846782,54.52046512711499
91,143,1.5,1.5250000000000004,53,1,0,0,no_event,1.405508619392858e-06,3.0168337179722366e-08,11.50029793204094,40.77604650838002
92,110,0.5,0.5089999999999999,19,0,0,0,no_event,3.515429040645635e-06,1.5045711412952926e-07,5.466337654387126e-06,1.3918749999675128e-05
92,128,1.0,1.0079999999999996,37,1,0,0,no_event,4.054049771939265e-06,6.029350842596221e-06,45.59985100092812,68.1713544047823
92,144,1.5,1.52,53,2,0,0,no_event,8.802246538571508e-07,8.899380875199091e-07,14.786064228128064,142.85938363451555
93,111,0.5,0.5079999999999996,19,0,0,0,no_event,3.2866337944625143e-06,8.486560599472219e-08,5.802899879669603e-06,1.2447669547555051e-05
93,129,1.0,1.0079999999999996,37,1,0,0,no_event,3.5097809439562005e-06,7.114196904467487e-06,43.48324470790412,78.39282929375543
93,145,1.5,1.5150000000000001,53,2,0,0,no_event,4.5169624473950824e-07,5.0939121677433504e-06,19.79296582109213,227.5864068808433
94,112,0.5,0.5110000000000001,19,0,0,0,no_event,3.1764928449725373e-06,4.554399953597712e-08,5.941535601902545e-06,1.1122575514832533e-05
94,130,1.0,1.0089999999999995,37,1,0,0,no_event,2.8880756692623927e-06,8.186734376636212e-06,41.01166255011495,85.22697446944673
94,146,1.5,1.5110000000000001,53,2,0,0,no_event,3.774047175280922e-07,9.988568765619515e-06,25.064795346443365,219.6595631029852
95,113,0.5,0.512,19,0,0,0,no_event,2.9758980951457546e-06,2.903280477145356e-08,6.092237788819334e-06,6.128721032894191e-06
95,131,1.0,1.0110000000000006,37,1,0,0,no_event,2.204464527364427e-06,9.070924676279966e-06,38.43847734216647,88.73052840182044
95,147,1.5,1.5080000000000005,53,2,0,0,no_event,4.1026463673646085e-07,1.335666079285244e-05,29.312868945460412,177.0030662131577
96,114,0.5,0.512,19,0,0,0,no_event,2.722380421261844e-06,1.80787367310494e-08,5.5306826673702535e-06,7.590111636091024e-06
96,132,1.0,1.0110000000000006,37,1,0,0,no_event,1.4393549718179608e-06,8.80762141264348e-06,35.83695311715163,89.70773058842052
96,148,1.5,1.5050000000000003,53,2,0,0,no_event,3.8762973515410555e-07,8.95969298091804e-06,32.56809417884552,125.20096640277319
97,115,0.5,0.5169999999999999,19,0,0,0,no_event,2.747280095808967e-06,1.0701342281841469e-08,5.285445642433885e-06,5.3068968597358435e-06
97,133,1.0,1.0150000000000001,37,1,0,0,no_event,9.531835404684783e-07,7.644264215400765e-06,33.26177708544939,88.79917424024688
97,149,1.5,1.5049999999999994,53,2,0,0,no_event,5.321867006503075e-07,1.1351557403782324e-05,34.56697370296195,79.9551787420641
98,116,0.5,0.5190000000000001,19,0,0,0,no_event,2.5602064690693806e-06,0.0,5.381663553657582e-06,4.512938865275373e-06
98,134,1.0,1.0150000000000006,37,1,0,0,no_event,3.6640330520446827e-07,6.212734248834216e-06,30.9207736132951,86.70383414301209
98,150,1.5,1.5060000000000002,53,2,0,0,no_event,7.388493642025976e-07,1.4664585330208286e-05,35.651476261021486,38.732226810110944
99,117,0.5,0.5219999999999998,19,1,0,0,no_event,2.5441490978449624e-06,1.837387827663462e-06,8.761245294695923,282.6206342076009
99,135,1.0,1.0130000000000003,37,1,0,0,no_event,5.069490524256896e-08,3.5664575079864438e-06,28.740372561470227,83.86157904103115
99,151,1.5,1.5000000000000004,53,2,0,0,no_event,9.68866774780827e-07,1.5717512247801355e-05,35.94432039940926,13.311076699379669
100,118,0.5,0.52,19,1,0,0,no_event,2.38950360655377e-06,3.2771428948425007e-07,17.911472565624603,366.00908749886855
100,136,1.0,1.012,37,1,0,0,no_event,3.818127255472958e-07,1.9620346165538814e-06,26.648757632701347,80.4467291152411
100,153,1.5,1.525,54,2,0,0,no_event,1.5833636730122447e-06,1.914586908174844e-05,34.94261406238421,28.263087772390378
101,119,0.5,0.5209999999999999,19,1,0,0,no_event,2.1942364298887337e-06,4.22770723673724e-06,28.795202814142282,375.3010316012371
101,137,1.0,1.0140000000000002,37,1,0,0,no_event,7.641341568440218e-07,1.3674355443527026e-06,24.367600223281286,76.03858161185636
101,154,1.5,1.5179999999999998,54,2,0,0,no_event,1.8392020008194618e-06,1.4944463629677172e-05,34.11776503035311,39.27853984504213
102,120,0.5,0.5209999999999999,19,1,0,0,no_event,2.2839314368829204e-06,2.3223887097856646e-06,36.934409934145854,313.04643769165614
102,138,1.0,1.013,37,1,0,0,no_event,8.55862090585178e-07,9.90211731278209e-07,22.56421817042657,72.13527935914752
102,155,1.5,1.5170000000000003,54,2,0,0,no_event,2.1707688246517703e-06,1.548384763954779e-05,32.8894107939309,49.13417034306559
103,121,0.5,0.5229999999999997,19,1,0,0,no_event,2.2112112816457714e-06,1.9812727600772298e-06,42.93945028571354,222.40890259690133
103,139,1.0,1.0169999999999995,37,1,0,0,no_event,1.083273637930533e-06,7.422155476888613e-07,20.607172797568186,67.48432304970993
103,156,1.5,1.5140000000000002,54,2,0,0,no_event,2.5908143005529986e-06,1.608682623500516e-05,31.671435472047737,55.362527249314496
104,122,0.5,0.5219999999999994,19,1,0,0,no_event,2.203409479765632e-06,3.3258057357007962e-06,46.737362907702874,146.07355699631307
104,140,1.0,1.0199999999999996,37,1,0,0,no_event,1.3815501702716036e-06,4.841523093546192e-07,18.727415661996467,62.658572717389276
104,157,1.5,1.5110000000000001,54,2,0,0,no_event,2.846468196453393e-06,1.5008071225985504e-05,30.230323831500407,60.04631849861889
105,123,0.5,0.5230000000000006,19,1,0,0,no_event,2.1102926979222927e-06,1.460886132216068e-07,48.9983067290285,80.74798496544389
105,141,1.0,1.0630000000000006,37,1,0,0,no_event,1.5436688158859772e-06,1.404060867573296e-07,15.101140553870552,51.80393005330878
105,158,1.5,1.5030000000000001,54,2,0,0,no_event,3.1480893566436547e-06,1.4679547927689665e-05,29.043659881487287,62.45600628148941
106,124,0.5,0.5260000000000007,19,1,0,0,no_event,2.0015748845038795e-06,3.1081180393872582e-06,49.865559212811654,32.12046160016729
106,141,1.0,1.0390000000000006,36,1,0,0,no_event,1.5739947798480258e-06,1.404060867573296e-07,15.101140530024992,51.803929963743236
106,159,1.5,1.5090000000000003,54,2,0,0,no_event,3.5668163303782545e-06,1.222820187824075e-05,27.110897252865247,64.42542513138332
107,125,0.5,0.5210000000000008,19,1,0,0,no_event,1.6317375610697127e-06,5.107497122125749e-06,49.72700244993298,5.131718212903195
107,141,1.0,1.0070000000000006,35,1,0,0,no_event,1.8002222077484511e-06,1.404060867573296e-07,15.101140437167146,51.803929616384075
107,160,1.5,1.5040000000000004,54,2,0,0,no_event,3.7234487318625905e-06,1.0875265010802428e-05,25.36503549284159,64.66154829521068
108,126,0.5,0.5249999999999995,19,1,0,0,no_event,1.1742987311436137e-06,6.455368641411772e-06,48.83070596199716,33.196161152692014
108,142,1.0,1.0190000000000001,35,1,0,0,no_event,2.0904555455558693e-06,7.475290431102701e-08,13.457547843224406,46.959786952876094
108,161,1.5,1.5099999999999998,54,2,0,0,no_event,3.860264730053419e-06,9.34755589846125e-06,23.517321285070018,63.71428572020211
109,127,0.5,0.5270000000000001,19,1,0,0,no_event,8.769430053236007e-07,6.8374850883404135e-06,47.304132994227004,54.520458860738444
109,143,1.0,1.0410000000000004,35,1,0,0,no_event,2.2228428164794685e-06,3.016833717972241e-08,11.50029762266233,40.776045335655894
109,162,1.5,1.5110000000000001,54,2,0,0,no_event,4.035071666785618e-06,7.984341927491985e-06,21.8431732850098,62.005482975213425
110,127,0.5,0.5030000000000001,18,1,0,0,no_event,8.475805657326723e-07,6.837483560673532e-06,47.304132888227514,54.52045853805859
110,143,1.0,1.0170000000000003,34,1,0,0,no_event,2.252205213437722e-06,3.016833717972242e-08,11.500297603622334,40.77604526447746
110,163,1.5,1.516,54,2,0,0,no_event,4.2603735155529495e-06,6.742155147345343e-06,20.116448169769228,59.5422476905004
111,129,0.5,0.5259999999999998,19,1,0,0,no_event,2.947568020773328e-07,7.114159743082408e-06,43.483242812320675,78.39282279313065
111,144,1.0,1.0110000000000001,34,2,0,0,no_event,2.641101239444752e-06,8.899380875199091e-07,14.786063877001213,142.85938496752505
111,164,1.5,1.5120000000000005,54,2,0,0,no_event,4.273644301790917e-06,5.517845201582552e-06,18.69003227431791,57.05663594407696
112,129,0.5,0.5,18,1,0,0,no_event,2.202181832444694e-07,7.114162855259589e-06,43.48324260704264,78.39282217085452
112,145,1.0,1.0070000000000006,34,2,0,0,no_event,2.8435653219664304e-06,5.0939121677433504e-06,19.792965458269187,227.58640826232977
112,165,1.5,1.513,54,2,0,0,no_event,4.3695419085884205e-06,4.6973599499933964e-06,17.22854662815662,54.129099085467104
113,131,0.5,0.5270000000000001,19,1,0,0,no_event,6.509013559253105e-07,9.070913620234995e-06,38.43847542031132,88.73052176416627
113,146,1.0,1.0,34,2,0,0,no_event,2.8412881738930713e-06,9.988568765619515e-06,25.064794975378508,219.65956451903037
113,166,1.5,1.5110000000000001,54,2,0,0,no_event,4.414578499358478e-06,3.954857091579629e-06,15.75461729738975,50.82515088432673
114,132,0.5,0.5280000000000005,19,1,0,0,no_event,1.1390862084681657e-06,8.807614662487489e-06,35.8369514479071,89.7077248008133
114,148,1.0,1.0220000000000002,35,2,0,0,no_event,2.5419784740104757e-06,8.95969298091804e-06,32.568093880859784,125.2009675473588
114,167,1.5,1.5110000000000001,54,2,0,0,no_event,4.4742105547662135e-06,3.3054543472930883e-06,14.42254224188932,47.57411040774174
115,133,0.5,0.5280000000000005,19,1,0,0,no_event,1.626937290666355e-06,7.644259881090077e-06,33.2617754521037,88.79916858642974
115,149,1.0,1.0179999999999998,35,2,0,0,no_event,2.476543139407075e-06,1.1351557403782324e-05,34.566973406825056,79.95517988097191
115,168,1.5,1.5099999999999998,54,2,0,0,no_event,4.509451992896468e-06,2.814850875231908e-06,13.18119850040659,44.33370593265829
116,134,0.5,0.5250000000000004,19,1,0,0,no_event,2.0496058397156987e-06,6.212731747723786e-06,30.92077204039789,86.70382865871126
116,150,1.0,1.016,35,2,0,0,no_event,2.377412465608985e-06,1.4664585330208286e-05,35.65147597810471,38.732227900899716
116,169,1.5,1.5090000000000003,54,2,0,0,no_event,4.546788576571499e-06,2.4594180825381402e-06,11.990899171812428,41.04480562996172
117,135,0.5,0.5220000000000002,19,0,0,0,no_event,2.356197825292841e-06,3.5664559163707157e-06,28.74037099849543,83.86157359423132
117,151,1.0,1.0090000000000003,35,1,0,0,no_event,2.362867518723731e-06,1.5717512247801355e-05,35.94432011413014,13.311077800823114
117,170,1.5,1.508,54,1,0,0,no_event,4.574012392153684e-06,2.1315867505712353e-06,10.927627103484271,37.974003228279756
118,136,0.5,0.5170000000000003,19,0,0,0,no_event,2.975244640879282e-06,2.052813954378523e-06,9.416117716340569,21.369711443906056
118,152,1.0,1.0030000000000001,35,1,0,0,no_event,2.5527182797814142e-06,1.6540083788119015e-05,16.319781080676478,60.154281363405005
118,171,1.5,1.5060000000000002,54,1,0,0,no_event,4.3800399996497365e-06,1.8748963734027982e-06,7.635169934400875,25.18747754855204
119,137,0.5,0.5220000000000002,19,0,0,0,no_event,3.997125219257228e-06,1.765442647183591e-06,8.762681917994037,21.781187958117933
119,153,1.0,1.005,35,1,0,0,no_event,2.976461318023151e-06,1.9145791575883184e-05,17.470514443898697,42.619758697502476
119,172,1.5,1.5099999999999998,54,1,0,0,no_event,4.018366653925934e-06,1.6362787886345546e-06,6.955636116017827,23.432199816568
120,138,0.5,0.5179999999999998,19,0,0,0,no_event,3.0826013457385857e-06,1.0874770737250781e-06,8.22080460005222,21.675085557962163
120,155,1.0,1.0220000000000002,36,1,0,0,no_event,2.0052184251096786e-06,1.548383561693414e-05,18.494350306264334,15.882382442168563
120,173,1.5,1.5090000000000003,54,1,0,0,no_event,4.765768943767643e-06,1.4099023064283117e-06,6.34631362139689,21.761517083156765
121,139,0.5,0.5209999999999999,19,0,0,0,no_event,4.3683245749548464e-06,9.349480762921557e-07,5.975864008852187,13.630526626710498
121,156,1.0,1.0180000000000007,36,1,0,0,no_event,2.661676582523756e-06,1.6086801324617753e-05,11.236625153473062,25.92878387154977
121,174,1.5,1.5090000000000003,54,1,0,0,no_event,4.136111745484821e-06,1.10217226927156e-06,5.039034478242083,15.810114780732244
122,140,0.5,0.524,19,0,0,0,no_event,4.077903831500862e-06,5.83924588681844e-07,2.423152036006217,3.193604759424666
122,157,1.0,1.0150000000000006,36,1,0,0,no_event,2.3601111328347563e-06,1.5008057581401882e-05,4.662505184910067,46.039762925185755
122,175,1.5,1.5099999999999998,54,2,0,0,no_event,0.059759358702888156,2.1344236864578003,1.6532370776649468,6.591832027502452
123,141,0.5,0.5680000000000005,19,0,0,0,no_event,4.423298697986417e-06,1.6815016579146179e-07,0.5490805321833526,0.4045618095421375
123,158,1.0,1.008,36,1,0,0,no_event,2.543882698329287e-06,1.4679539214035011e-05,17.1487825483651,51.867134667397806
123,176,1.5,1.5090000000000003,54,2,0,0,no_event,0.23941461331559633,7.1862039353066285,2.374984000455219,4.6269485046125745
124,141,0.5,0.54,18,0,0,0,no_event,4.064304945927695e-06,1.6248290535275453e-07,7.345961860710599e-06,2.531969641950127e-06
124,159,1.0,1.0099999999999998,36,1,0,0,no_event,2.602717509371669e-06,1.2228197801470545e-05,24.25582314426275,53.318949527367806
124,177,1.5,1.508,54,2,0,0,no_event,0.6748275419029489,16.126417188745354,5.650999265654161,12.543242046300914
125,141,0.5,0.5129999999999999,17,0,0,0,no_event,3.6956788562747605e-06,1.5752041804279126e-07,7.260862914208923e-06,2.289215423445512e-06
125,160,1.0,1.0099999999999998,36,1,0,0,no_event,2.7881311132503983e-06,1.0875263075710969e-05,22.781984077824397,54.586634991867186
125,178,1.5,1.508,54,2,0,0,no_event,1.4319423084482945,28.041299884712338,5.341204340425964,11.473886663942846
126,142,0.5,0.5209999999999999,17,0,0,0,no_event,3.363113400212122e-06,8.118536243273486e-08,7.028932464948924e-06,4.321733598544597e-06
126,161,1.0,1.0119999999999996,36,1,0,0,no_event,3.131746986042233e-06,9.347555102666868e-06,21.197269093250373,54.64534781072278
126,179,1.5,1.5089999999999995,54,2,0,0,no_event,2.630342627589307,42.80002282788175,5.035207627382422,10.928454482588421
127,143,0.5,0.5420000000000007,17,0,0,0,no_event,3.0749138346664125e-06,3.157734342392417e-08,6.5029647988306766e-06,9.424925885070934e-06
127,162,1.0,1.0120000000000005,36,1,0,0,no_event,3.489186510272962e-06,7.984341687465761e-06,19.7450608746317,53.785491869024156
127,180,1.5,1.5070000000000006,54,2,0,0,no_event,4.020366992128553,55.60098528940969,4.7684244275943675,10.671328058669594
128,143,0.5,0.5140000000000002,16,0,0,0,no_event,2.7520210181819586e-06,2.984245385957389e-08,6.224599497998745e-06,8.580527190105158e-06
128,163,1.0,1.013,36,1,0,0,no_event,3.913597689563002e-06,6.742155175061781e-06,18.232743159506768,52.148891122664935
128,181,1.5,1.5069999999999997,54,2,0,0,no_event,5.87822565376184,66.35210449807789,4.474608754374115,10.493417592810765
129,144,0.5,0.5120000000000005,16,1,0,0,no_event,2.850244742197603e-06,8.906958212737603e-07,4.160899981610152,180.90892344877255
129,164,1.0,1.0130000000000008,36,1,0,0,no_event,4.124203295918543e-06,5.517845242243884e-06,16.97497917350196,50.310563531647176
129,182,1.5,1.5120000000000005,54,2,0,0,no_event,8.055704391897843,72.58262915246279,4.1653164198824255,10.309745267327655
130,145,0.5,0.5070000000000006,16,1,0,0,no_event,2.641771477488254e-06,5.0954439758257406e-06,9.95014360935476,263.1474065715378
130,165,1.0,1.013,36,1,0,0,no_event,4.520036754766013e-06,4.6973600815628115e-06,15.67841573212698,48.02086981947697
130,183,1.5,1.5120000000000005,54,2,0,0,no_event,10.058198532573,74.16645891132107,3.892783121354699,10.09382612890397
131,146,0.5,0.5020000000000007,16,1,0,0,no_event,2.0448248669388717e-06,9.990682719484373e-06,16.013570890474032,252.64277105193682
131,166,1.0,1.0130000000000008,36,1,0,0,no_event,5.026659442503672e-06,3.954857218736678e-06,14.363648428130873,45.33681010574877
131,184,1.5,1.5120000000000005,54,2,0,0,no_event,12.16174327435835,72.53603587276649,3.6083868500189724,9.806768849179894
132,148,0.5,0.5229999999999997,17,1,0,0,no_event,1.2486231550651265e-06,8.961213112333662e-06,24.98013442697684,153.27967715822268
132,167,1.0,1.0119999999999996,36,1,0,0,no_event,5.51444779950555e-06,3.30545448258908e-06,13.170131519782764,42.62560946160606
132,185,1.5,1.508,54,2,0,0,no_event,13.89197872479172,69.20942953021772,3.3708180116234994,9.502754183101374
133,149,0.5,0.5189999999999992,17,1,0,0,no_event,8.185117688964678e-07,1.1352877625664596e-05,27.62550766790705,105.81490508940311
133,168,1.0,1.0109999999999992,36,1,0,0,no_event,5.928875045811018e-06,2.814850982266965e-06,12.053687525814757,39.8730045875359
133,186,1.5,1.508,54,2,0,0,no_event,15.738304952974763,63.666429457025586,3.1067525600472754,9.105705981415994
134,150,0.5,0.5179999999999998,17,1,0,0,no_event,7.257239520368325e-07,1.4665586145111808e-05,29.369464451946158,62.28414627774043
134,169,1.0,1.0110000000000001,36,1,0,0,no_event,6.314529426504251e-06,2.4594181515874373e-06,10.979538522076,37.039625230864424
134,187,1.5,1.5069999999999997,54,2,0,0,no_event,17.339878743019092,57.19907041252749,2.863824984429541,8.675985344341425
135,151,0.5,0.5129999999999999,17,1,0,0,no_event,1.020056636537821e-06,1.5718316621884257e-05,30.14336889626819,35.177453193861766
135,170,1.0,1.0119999999999996,36,1,0,0,no_event,6.595817218864992e-06,2.1315867953752933e-06,10.01731751342945,34.36503712083986
135,188,1.5,1.508,54,2,0,0,no_event,18.740525050933872,50.0230865885291,2.6337662719531703,8.216382718685509
136,152,0.5,0.5119999999999996,17,1,0,0,no_event,1.3596898117872117e-06,1.6540552210388657e-05,30.40673305908099,10.534552795046352
136,171,1.0,1.0149999999999997,36,1,0,0,no_event,6.772908504776463e-06,1.8748963952803935e-06,9.098300163344067,31.690256358389
136,189,1.5,1.5089999999999995,54,2,0,0,no_event,19.893259955887,42.693885956460186,2.4243685347418715,7.755471992330294
137,153,0.5,0.5129999999999999,17,1,0,0,no_event,1.8663743386246327e-06,1.9146104228411505e-05,30.1375907723362,9.968246786006603
137,172,1.0,1.0179999999999998,36,1,0,0,no_event,6.963366066692652e-06,1.636278799371274e-06,8.253347216118486,29.13631096490839
137,190,1.5,1.5140000000000002,54,2,0,0,no_event,20.942178353670567,33.83607829348315,2.2005536644702772,7.219834756033354
138,154,0.5,0.5039999999999996,17,1,0,0,no_event,2.362218427594153e-06,1.4944645338976088e-05,29.66990628398615,22.270711592923874
138,173,1.0,1.016,36,1,0,0,no_event,7.244376708588542e-06,1.4099023064283117e-06,7.502971524015527,26.799133388888514
138,191,1.5,1.5099999999999998,54,2,0,0,no_event,21.62681727286221,26.332270787675412,2.0245827488639176,6.76811233644363
139,155,0.5,0.5040000000000004,17,1,0,0,no_event,2.7930463742757356e-06,1.5483970404901336e-05,28.831101275906544,33.55220687885131
139,174,1.0,1.0170000000000003,36,1,0,0,no_event,7.375427345796582e-06,1.1021722797565575e-06,6.859511748472281,24.7484540018367
139,192,1.5,1.5140000000000002,54,2,0,0,no_event,22.169025211772258,18.696826843077595,1.8425997473165214,6.275275966521448
140,157,0.5,0.5210000000000008,18,1,0,0,no_event,3.7538779281953603e-06,1.5008133443973474e-05,26.806996257388644,46.80579556845518
140,175,1.0,1.016,36,2,0,0,no_event,0.059756595144694544,2.1344236864578003,6.354768029718121,18.026563485218535
141,158,0.5,0.5099999999999998,18,1,0,0,no_event,4.281916444001479e-06,1.4679595791912424e-05,25.855393667694756,50.08436066430133
141,176,1.0,1.0110000000000001,36,2,0,0,no_event,0.23941152661061474,7.1862039353066285,5.9896671525150165,14.604035859234461
142,161,0.5,0.5259999999999998,20,1,0,0,no_event,5.489195000321232e-06,9.347565675363639e-06,21.197270904650356,54.645354271726106
142,179,1.0,1.0229999999999997,38,2,0,0,no_event,2.6303402749147633,42.80002282788175,5.03520792866423,10.928455663076818
143,162,0.5,0.5179999999999998,20,1,0,0,no_event,5.767131297968855e-06,7.984347702240564e-06,19.745062612701503,53.78549808318482
143,180,1.0,1.013,38,2,0,0,no_event,4.020364869773527,55.60098528940969,4.768424718222589,10.671329198269781
144,164,0.5,0.524,21,0,0,0,no_event,6.237872756228331e-06,5.517847126218983e-06,16.97498046737303,50.31056823146096
144,182,1.0,1.0229999999999997,39,1,0,0,no_event,8.055702558377707,72.58262915246279,4.165316630615954,10.309746095804625
145,164,0.5,0.5010000000000003,20,0,0,0,no_event,4.675805451172646e-06,4.674410493097148e-06,13.349244630638674,32.13458867449815
145,182,1.0,1.0,38,1,0,0,no_event,8.055704018080336,72.58262915254593,1.7117624108695912,11.923005194241759
146,165,0.5,0.5059999999999993,20,0,0,0,no_event,1.7717131714838252e-06,2.312992955767218e-06,12.288782436266347,31.207334595723587
146,183,1.0,1.005,38,1,0,0,no_event,10.058201387163866,74.16645891148927,1.4249445233504212,10.095577396179463
147,166,0.5,0.5110000000000001,20,0,0,0,no_event,2.440733077024617e-06,2.4103135605256145e-06,8.4348295269589,17.47935307728973
147,184,1.0,1.0099999999999998,38,1,0,0,no_event,12.161745827065339,72.53603587284695,0.9250695616647733,7.015885824290951
148,167,0.5,0.5149999999999997,20,0,0,0,no_event,3.0111967292434474e-06,2.3477022282260875e-06,4.8651129719235815,7.6589905097480155
148,185,1.0,1.0110000000000001,38,1,0,0,no_event,13.891981189533348,69.20942953025832,0.3448835218917465,3.9677523656678906
149,168,0.5,0.5169999999999995,20,0,0,0,no_event,4.117439124359542e-06,2.3467335964727492e-06,2.3107048880303256,2.7275516641376
149,186,1.0,1.0140000000000002,38,1,0,0,no_event,15.73830685691308,63.666429457042454,0.23260812063540393,1.2945966451097748
150,169,0.5,0.5210000000000008,20,0,0,0,no_event,4.357904850400402e-06,2.225736317737009e-06,0.5906855937338366,0.5078428708412375
150,187,1.0,1.0170000000000003,38,1,0,0,no_event,17.33988085792901,57.19907041253545,0.731502708634876,0.6856570412501126
151,170,0.5,0.5209999999999999,20,0,0,0,no_event,3.572911091552383e-06,1.580150366713775e-06,7.780446570970537e-06,4.527508181695339e-06
151,188,1.0,1.0170000000000003,38,1,0,0,no_event,18.74052795194993,50.023086588537836,0.9141525254165138,1.5281660086152407
152,171,0.5,0.5279999999999996,20,0,0,0,no_event,3.0691705557687665e-06,1.0420825409015172e-06,6.778167330642922e-06,1.3983547262341744e-06
152,189,1.0,1.0219999999999994,38,1,0,0,no_event,19.893263396203412,42.693885956468606,0.8685694739014643,1.6882675765331396
153,171,0.5,0.5030000000000001,19,0,0,0,no_event,2.95478183260743e-06,1.1304419457813974e-06,6.162387593984944e-06,4.794703443167236e-07
153,190,1.0,1.0280000000000005,38,1,0,0,no_event,20.942181949597707,33.83607829348756,0.81283588336946,1.7978614504001067
154,172,0.5,0.5049999999999999,19,0,0,0,no_event,2.711386413900423e-06,1.0187267813052863e-06,6.1011535705912875e-06,3.687989789113999e-07
154,190,1.0,1.0010000000000003,37,1,0,0,no_event,20.942182335525477,33.83607829348776,0.8128358921394198,1.7978614834621416
155,173,0.5,0.5120000000000005,19,0,0,0,no_event,2.9608135243589527e-06,9.895324624528696e-07,5.341341142961362e-06,4.239249378201748e-07
155,191,1.0,1.0060000000000002,37,1,0,0,no_event,21.62682130461691,26.332270787678002,0.7651164924939097,1.835366906785013
156,174,0.5,0.5129999999999999,19,0,0,0,no_event,2.9276606186635423e-06,8.013675165018866e-07,4.862314087498273e-06,4.1681318663222555e-07
156,192,1.0,1.0099999999999998,37,1,0,0,no_event,22.169029424011644,18.696826843079002,0.7118049639430631,1.8383316438027668
157,175,0.5,0.5189999999999992,19,1,0,0,no_event,0.05976125374122478,2.13442369636552,0.13005237682750717,4.644879589040688
158,176,0.5,0.5199999999999996,19,1,0,0,no_event,0.23941635752419396,7.186203941490527,0.28829734991873945,6.329787957973419
159,176,0.5,0.5010000000000003,18,1,0,0,no_event,0.23941660286799019,7.186203942067855,0.2882972719048729,6.329788217510075
160,178,0.5,0.5250000000000004,19,1,0,0,no_event,1.4319450107124918,28.041299887375683,0.631399830252245,6.072534637509733
161,179,0.5,0.5259999999999998,19,1,0,0,no_event,2.630345751712467,42.80002282963894,0.7728553599605681,5.051982014814605
162,180,0.5,0.5220000000000002,19,1,0,0,no_event,4.020370559083963,55.60098529065956,0.873236816118264,4.0152377740488365
163,181,0.5,0.5229999999999997,19,1,0,0,no_event,5.878229577618673,66.35210449888679,0.9531438282708671,2.8538208188126237
164,182,0.5,0.524,19,1,0,0,no_event,8.055708585905617,72.58262915297666,1.0049040293037383,1.7253258728937642
165,183,0.5,0.5259999999999998,19,1,0,0,no_event,10.058203020153705,74.1664589116355,1.0281976542883993,0.8627196762146294
166,184,0.5,0.5280000000000005,19,1,0,0,no_event,12.161748155528505,72.53603587296335,1.0308241045328614,0.0905666511894907
167,185,0.5,0.524,19,1,0,0,no_event,13.891984042169723,69.20942953035237,1.0197966548824124,0.4411098399654918
168,186,0.5,0.5250000000000004,19,1,0,0,no_event,15.738310616494548,63.666429457112216,0.9927843908726698,0.9314600003759068
169,187,0.5,0.5250000000000004,19,1,0,0,no_event,17.339884709442604,57.19907041258352,0.9569432244812238,1.2800439338155867
170,188,0.5,0.524,19,1,0,0,no_event,18.740531279118095,50.02308658856465,0.9141545914076371,1.528173344965425
171,189,0.5,0.5229999999999997,19,1,0,0,no_event,19.89326632202911,42.693885956483086,0.8685712456922211,1.6882738752025195
172,190,0.5,0.5250000000000004,19,1,0,0,no_event,20.942184894132406,33.836078293496726,0.8128375353990764,1.7978672906042812
173,191,0.5,0.5220000000000002,19,1,0,0,no_event,21.626824080127435,26.332270787684287,0.7651180156457456,1.8353722519896385
174,192,0.5,0.5229999999999997,19,1,0,0,no_event,22.16903218068302,18.696826843082984,0.7118062974640206,1.838336344168801
